fecha,barra_codigo,barra_nombre,version,costo_marginal_usd_mwh
2026-04-01,A.BLANCAS_____013,BA S/E ARENAS BLANCAS 15KV,REAL-DEF,59.4929
2026-04-01,A.BLANCAS_____066,BA S/E ARENAS BLANCAS 66KV B1,REAL-DEF,59.51263
2026-04-01,A.CLARAS______066,,REAL-DEF,60.12142
2026-04-01,A.DERIBERA____066,BA S/E ALONSO DE RIBERA 66KV BP1,REAL-DEF,58.30913
2026-04-01,A.HOSPICIO____013,BA S/E ALTO HOSPICIO 13.8KV,REAL-DEF,64.549285
2026-04-01,A.HOSPICIO____110,BA S/E ALTO HOSPICIO 110KV,REAL-DEF,64.49291500000001
2026-04-01,A.JAHUEL2_____220,BA S/E ALTO JAHUEL 220KV BP2,REAL-DEF,56.82096
2026-04-01,A.JAHUEL______066,BA S/E ALTO JAHUEL 66KV,REAL-DEF,58.61916
2026-04-01,A.JAHUEL______110,BA S/E ALTO JAHUEL 110KV BP1,REAL-DEF,58.737539999999996
2026-04-01,A.JAHUEL______154,BA S/E ALTO JAHUEL 154KV BP,REAL-DEF,58.740359999999995
2026-04-01,A.JAHUEL______220,BA S/E ALTO JAHUEL 220KV BP1,REAL-DEF,58.388045000000005
2026-04-01,A.MELIP_______110,BA S/E ALTO MELIPILLA 110KV BP1,REAL-DEF,57.796165
2026-04-01,A.MELIP_______220,BA S/E ALTO MELIPILLA 220KV BP1 [NO_MOSTRAR],REAL-DEF,57.79616
2026-04-01,A.NEGRAS______066,BA S/E AGUAS NEGRAS B1 66KV,REAL-DEF,60.12142
2026-04-01,A.SANTA_______110,BA S/E AGUA SANTA 110KV BP1,REAL-DEF,56.680035000000004
2026-04-01,A.SANTA_______220,BA S/E AGUA SANTA 220KV BP1,REAL-DEF,56.758955
2026-04-01,ACHUPALLAS____110,BA S/E TAP OFF ACHUPALLAS 110kV BP1,REAL-DEF,56.87733
2026-04-01,ACONCAGUA_1___012,BA S/E ACONCAGUA 12KV,REAL-DEF,57.50022
2026-04-01,ACONCAGUA_2___012,,REAL-DEF,57.50022
2026-04-01,ACONCAGUA_____066,BA S/E ACONCAGUA 66KV,REAL-DEF,58.17384
2026-04-01,ACONCAGUA_____110,BA S/E ACONCAGUA 110KV BP1,REAL-DEF,57.6496
2026-04-01,AG.BLANCAS____013,BA S/E AGUAS BLANCAS 13.8KV,REAL-DEF,49.275835
2026-04-01,AG.BLANCAS____066,BA S/E AGUAS BLANCAS 66KV [NO_MOSTRAR],REAL-DEF,49.98328
2026-04-01,AGUILA________066,BA S/E MONTE AGUILA (FFCC) 66KV BP1,REAL-DEF,57.36493
2026-04-01,AIHUAPI_______013,BA S/E AIHUAPI 13.8KV,REAL-DEF,56.268535
2026-04-01,AIHUAPI_______066,BA S/E AIHUAPI 66KV,REAL-DEF,56.268535
2026-04-01,AIHUAPI_______110,BA S/E AIHUAPI 110KV BP1,REAL-DEF,56.15016
2026-04-01,AJAHUEL_______500,BA S/E ALTO JAHUEL 500KV BPA,REAL-DEF,57.973725
2026-04-01,ALAMEDA_______015,BA S/E ALAMEDA 15KV C1,REAL-DEF,60.89369
2026-04-01,ALAMEDA_______066,BA S/E ALAMEDA 66KV T1,REAL-DEF,60.81196
2026-04-01,ALCONES_______023,BA S/E ALCONES BARRA 1 23KV,REAL-DEF,59.62819
2026-04-01,ALCONES_______066,BA S/E ALCONES BARRA 66KV BP1-1 [NO_MOSTRAR],REAL-DEF,59.56618
2026-04-01,ALFALFAL______110,,REAL-DEF,58.328855
2026-04-01,ALFALFAL______220,BA S/E CENTRAL ALFALFAL 220KV BP1,REAL-DEF,58.300675
2026-04-01,ALGARR.NORTE__013,BA S/E ALGARROBO NORTE 12kV BP1,REAL-DEF,57.793345
2026-04-01,ALGARR.NORTE__066,BA S/E ALGARROBO NORTE 66kV BP1,REAL-DEF,57.76234
2026-04-01,ALGARROBAL____220,BA S/E ALGARROBAL 220KV BP1,REAL-DEF,59.01375
2026-04-01,ALGARROBO_____110,BA S/E ALGARROBO 110KV BP1,REAL-DEF,58.669895
2026-04-01,ALHUE_________023,BA S/E ALHUE 23KV,REAL-DEF,62.83564
2026-04-01,ALHUE_________066,BA S/E ALHUE 66KV,REAL-DEF,62.62707
2026-04-01,ALMEYDA_______033,BA S/E ALMEYDA BP1 33KV,REAL-DEF,57.48613
2026-04-01,ALMEYDA_______220,,REAL-DEF,59.715559999999996
2026-04-01,ALTAMIRANO____013,BA S/E ALTAMIRANO 12KV BP1,REAL-DEF,58.424685
2026-04-01,ALTAMIRANO____110,BA S/E ALTAMIRANO 110KV BP1,REAL-DEF,58.382405
2026-04-01,ALTODCARMEN___013,BA S/E ALTO DEL CARMEN 13.8KV BP1-S1,REAL-DEF,58.991205
2026-04-01,ALTODCARMEN___110,BA S/E ALTO DEL CARMEN 110KV BP1,REAL-DEF,59.25614
2026-04-01,ALTONORTE_____110,BA S/E ALTO NORTE 110KV BP,REAL-DEF,61.60677
2026-04-01,ALTO_BONITO___023,BA S/E ALTO BONITO 23kV BP1-1,REAL-DEF,59.63664
2026-04-01,ALTO_BONITO___110,BA S/E ALTO BONITO 110KV BP1,REAL-DEF,59.543635
2026-04-01,ALTO_MAIPO____110,,REAL-DEF,58.50642
2026-04-01,AMARGA________220,BA S/E AGUA AMARGA 220kV BP1,REAL-DEF,58.7319
2026-04-01,ANA_MARIA_____220,BA S/E ANA MARIA 220KV BP1,REAL-DEF,61.494035
2026-04-01,ANCOA_________013,BA S/E ANCOA 13.8KV,REAL-DEF,58.469785
2026-04-01,ANCOA_________220,BA S/E ANCOA 220KV BP1,REAL-DEF,57.21837
2026-04-01,ANCOA_________500,BA S/E ANCOA 500KV BP1,REAL-DEF,57.2381
2026-04-01,ANCUD_________013,BA S/E ANCUD 23KV,REAL-DEF,61.502485
2026-04-01,ANCUD_________110,BA S/E ANCUD 110KV BP1,REAL-DEF,61.265735
2026-04-01,ANDACOLLO_____013,BA S/E ANDACOLLO 13.8KV BP1,REAL-DEF,60.63721
2026-04-01,ANDACOLLO_____066,BA S/E ANDACOLLO 66KV BP1,REAL-DEF,60.327175
2026-04-01,ANDALIEN______013,BA S/E ANDALIEN 15KV C1,REAL-DEF,58.810824999999994
2026-04-01,ANDALIEN______066,BA S/E ANDALIEN 66KV SECCION 1,REAL-DEF,58.483875
2026-04-01,ANDES_SNG_____023,BA S/E ANDES 23KV ( BESS ),REAL-DEF,60.10357
2026-04-01,ANDES_SNG_____220,BA S/E ANDES (AES ANDES) 220KV BP1,REAL-DEF,60.10357
2026-04-01,ANDES_SNG_____345,BA S/E ANDES (AES ANDES) 345KV BP1,REAL-DEF,60.386359999999996
2026-04-01,ANDES_________013,BA S/E ANDES 12KV BP4,REAL-DEF,58.872825
2026-04-01,ANDES_________110,BA S/E ANDES 110KV BP1,REAL-DEF,58.841825
2026-04-01,ANGAMOS_______220,BA S/E ANGAMOS 220KV BP1,REAL-DEF,59.949495
2026-04-01,ANGOL_________013,BA S/E ANGOL 13.2KV,REAL-DEF,54.261765
2026-04-01,ANGOL_________023,BA S/E ANGOL 23KV B1,REAL-DEF,53.70652
2026-04-01,ANGOL_________066,BA S/E ANGOL 66 kV BP1,REAL-DEF,54.242035
2026-04-01,ANGOSTURA_____013,,REAL-DEF,55.084765000000004
2026-04-01,ANGOSTURA_____220,BA S/E GIS ANGOSTURA 220KV,REAL-DEF,54.91002
2026-04-01,ANTILLANCA____066,,REAL-DEF,59.38016
2026-04-01,ANTILLANCA____110,BA S/E ANTILLANCA 110KV BP1,REAL-DEF,56.657489999999996
2026-04-01,ANTILLANCA____220,BA S/E ANTILLANCA 220KV BP1,REAL-DEF,56.80405
2026-04-01,ANTOFAGASTA___013,BA S/E ANTOFAGASTA 13.8KV BP1,REAL-DEF,63.07803
2026-04-01,ANTOFAGASTA___110,BA S/E ANTOFAGASTA 110KV BP1,REAL-DEF,62.226839999999996
2026-04-01,ANTUCOYA______023,BA S/E ANTUCOYA 23KV BP,REAL-DEF,59.20541
2026-04-01,ANTUCOYA______220,BA S/E ANTUCOYA 220KV BP,REAL-DEF,62.4185
2026-04-01,ANTUCO________013,BA S/E ANTUCO 13.8KV B1 SECCION 1,REAL-DEF,55.15805
2026-04-01,ANTUCO________220,BA S/E ANTUCO (TRANSELEC) 220KV BP1-1,REAL-DEF,55.40044
2026-04-01,APOQUINDO_____013,BA S/E APOQUINDO 12.5KV BP1,REAL-DEF,58.76009
2026-04-01,APOQUINDO_____110,BA S/E APOQUINDO 110KV BP1,REAL-DEF,58.72063
2026-04-01,ARENA_________033,,REAL-DEF,78.89545
2026-04-01,ARENA_________220,,REAL-DEF,60.68794
2026-04-01,ARICA_________013,BA S/E ARICA 13.8KV-BP [NO_MOSTRAR],REAL-DEF,60.80632
2026-04-01,ARICA_________066,BA S/E ARICA 66KV BP1,REAL-DEF,60.80068
2026-04-01,ARICA_________110,BA S/E ARICA 110KV BP1,REAL-DEF,60.78941
2026-04-01,ARMAZONES_____023,BA S/E ARMAZONES 23KV BP1,REAL-DEF,60.21443
2026-04-01,ARMAZONES_____066,,REAL-DEF,59.21669
2026-04-01,ARMERILLO_____066,,REAL-DEF,56.939335
2026-04-01,ARMERILLO_____220,,REAL-DEF,56.880145
2026-04-01,ARR.PETROQ.___154,,REAL-DEF,58.049825
2026-04-01,ARRIERO_______220,BA S/E EL ARRIERO 220KV BP,REAL-DEF,61.91399
2026-04-01,ATACAMA_______023,BA S/E ATACAMA 23KV BP,REAL-DEF,60.8035
2026-04-01,ATACAMA_______220,BA S/E ATACAMA 220KV BP1,REAL-DEF,60.79223
2026-04-01,AURORA________220,BA S/E CENTRAL PARQUE EOLICO AURORA B1,REAL-DEF,57.9089
2026-04-01,A_DE_CORDOVA__013,BA S/E ALONSO DE CORDOVA 17.5KV BP1,REAL-DEF,58.72627
2026-04-01,A_DE_CORDOVA__110,BA S/E ALONSO DE CORDOVA 110KV BP1,REAL-DEF,58.72627
2026-04-01,A_____________100,BA S/E A 100KV BP1,REAL-DEF,62.02578666666667
2026-04-01,B.BLANCO______023,BA S/E BARRO BLANCO 23KV BP,REAL-DEF,57.567865
2026-04-01,B.BLANCO______066,BA S/E BARRO BLANCO 66KV BP-1,REAL-DEF,57.562225
2026-04-01,B.BLANCO______110,,REAL-DEF,61.0769
2026-04-01,B.BLANCO______220,BA S/E BARRO BLANCO 220KV,REAL-DEF,61.0769
2026-04-01,BALANDRAS_____013,BA S/E LAS BALANDRAS 12kV BP1,REAL-DEF,58.545885
2026-04-01,BALANDRAS_____066,BA S/E LAS BALANDRAS 66kV BP1,REAL-DEF,58.514880000000005
2026-04-01,BARRILES______220,BA S/E TAP OFF BARRILES 220KV BP,REAL-DEF,61.05153
2026-04-01,BATUCO________013,BA S/E BATUCO 23KV BA1,REAL-DEF,59.03066333333334
2026-04-01,BATUCO________110,BA S/E BATUCO 110KV BP1,REAL-DEF,58.951745
2026-04-01,BELLAVISTA____066,,REAL-DEF,60.80914
2026-04-01,BICENTENARIO__013,BA S/E BICENTENARIO 13.2KV BP1,REAL-DEF,59.17441
2026-04-01,BICENTENARIO__110,BA S/E BICENTENARIO 110KV BP1,REAL-DEF,59.0363
2026-04-01,BJOSDMNA______012,BA S/E BAJOS DE MENA 15 kV BP1,REAL-DEF,59.29842
2026-04-01,BJOSDMNA______110,BA S/E BAJOS DE MENA 110 kV BP1,REAL-DEF,59.28715
2026-04-01,BOCAMINA_II___220,BA S/E BOCAMINA II JBP [NO_MOSTRAR],REAL-DEF,57.55377000000001
2026-04-01,BOCAMINA______004,BA S/E BOCAMINA CBP [No_Mostrar],REAL-DEF,58.28094333333333
2026-04-01,BOCAMINA______066,BA S/E BOCAMINA BBP [No_Mostrar],REAL-DEF,58.34295
2026-04-01,BOCAMINA______154,BA S/E CENTRAL BOCAMINA I 154KV BP1 [No_Mostrar],REAL-DEF,57.999095
2026-04-01,BOLERO________220,BA S/E BOLERO 220KV BP,REAL-DEF,61.79843
2026-04-01,BOLLENAR______013,BA S/E BOLLENAR 13.2KV BP1,REAL-DEF,58.26685
2026-04-01,BOLLENAR______110,BA S/E BOLLENAR 110KV BP1,REAL-DEF,58.20203
2026-04-01,BOMBEO2_______004,BA S/E TAP OFF ESTACION DE BOMBEO N°2 4.16KV,REAL-DEF,62.26067
2026-04-01,BOMBEO2_______220,BA S/E TAP OFF ESTACION DE BOMBEO N°2 220KV [NO_MOSTRAR],REAL-DEF,62.18175
2026-04-01,BOMBEO3_______004,BA S/E TAP OFF ESTACION DE BOMBEO N°3 4.16KV,REAL-DEF,61.72327333333334
2026-04-01,BOMBEO3_______220,BA S/E TAP OFF ESTACION DE BOMBEO N°3 220KV [NO_MOSTRAR],REAL-DEF,61.700723333333336
2026-04-01,BOMBEO4_______004,BA S/E TAP OFF ESTACION DE BOMBEO N°4 4.16KV,REAL-DEF,63.22459
2026-04-01,BOSQUEMAR_____012,BA S/E BOSQUEMAR 12kV BP1,REAL-DEF,56.83787
2026-04-01,BOSQUEMAR_____110,BA S/E BOSQUEMAR 110kV BP1,REAL-DEF,56.81814
2026-04-01,BRASIL________013,BA S/E BRASIL 12.5KV BP1,REAL-DEF,58.43878
2026-04-01,BRASIL________110,BA S/E BRASIL 110KV BP1,REAL-DEF,58.354225
2026-04-01,BUIN__________013,BA S/E BUIN (ENEL TRANSMISION) 13.2KV,REAL-DEF,60.9867
2026-04-01,BUIN__________066,BA S/E BUIN (CGE) 66KV T1,REAL-DEF,60.941604999999996
2026-04-01,BUIN__________110,BA S/E BUIN (ENEL TRANSMISION) 110KV BP1,REAL-DEF,58.506420000000006
2026-04-01,BUIN__________220,BA S/E BUIN (ENEL TRANSMISION) 220KV BAUX,REAL-DEF,58.388045000000005
2026-04-01,C.A_RENAICO___023,BA S/E PARQUE EOLICO RENAICO 33KV BP2,REAL-DEF,50.49625
2026-04-01,C.BIOBIO______066,BA S/E CEMENTOS BIO BIO 66KV,REAL-DEF,58.4726
2026-04-01,C.CALERA1_____062,BA S/E CERRO CALERA 60KV,REAL-DEF,58.28846000000001
2026-04-01,C.CALERA1_____110,BA S/E CERRO CALERA 110KV BP1,REAL-DEF,57.824345
2026-04-01,C.CHENA2______220,BA S/E CHENA 220KV BP2 (AIS),REAL-DEF,56.82096
2026-04-01,C.CHENA_______110,BA S/E CHENA 110KV BP1,REAL-DEF,58.90665
2026-04-01,C.CHENA_______220,BA S/E CHENA 220KV BT1,REAL-DEF,58.64453
2026-04-01,C.COMBARBALA__023,BA S/E CENTRAL COMBARBALA BP 23KV,REAL-DEF,64.03632
2026-04-01,C.COMBARBALA__110,,REAL-DEF,64.03632
2026-04-01,C.CONSTIT1____023,BA S/E CENTRAL CONSTITUCION 23KV,REAL-DEF,50.51127666666667
2026-04-01,C.CORRENTOSO__013,"BA S/E CENTRAL CORRENTOSO 13,2KV B1",REAL-DEF,54.01937
2026-04-01,C.DOMINADOR___220,BA S/E CERRO DOMINADOR 220KV BP,REAL-DEF,61.73361
2026-04-01,C.DRAGON______013,BA S/E CERRO DRAGON 13.8KV,REAL-DEF,64.62257
2026-04-01,C.DRAGON______110,BA S/E CERRO DRAGON 110KV,REAL-DEF,63.98371
2026-04-01,C.HUICHAHUE___220,BA S/E CERROS DE HUICHAHUE 220KV BP1,REAL-DEF,57.45512
2026-04-01,C.NAVIA_______110,BA S/E CERRO NAVIA 110KV BP1,REAL-DEF,58.4726
2026-04-01,C.NAVIA_______220,BA S/E CERRO NAVIA 220KV BP1,REAL-DEF,58.32604
2026-04-01,C.PABELLON____220,BA S/E CERRO PABELLON 220KV BP,REAL-DEF,62.92583
2026-04-01,C.PALMAR______013,"BA S/E CENTRAL PALMAR 13,2KV B1",REAL-DEF,54.236395
2026-04-01,C.PINTO_______220,BA S/E CARRERA PINTO 220KV BT1,REAL-DEF,59.93634333333333
2026-04-01,C.RENAICO_____023,BA S/E PARQUE EOLICO RENAICO 33KV BP1,REAL-DEF,51.093770000000006
2026-04-01,C.SAN_ANDRES__023,BA S/E CENTRAL SAN ANDRES (SAN ANDRES SPA) 23KV BP1,REAL-DEF,57.33580333333333
2026-04-01,C.SAN_ANDRES__220,BA S/E CENTRAL SAN ANDRES (HSA) 220KV BP1,REAL-DEF,57.36493
2026-04-01,CABILDO_______023,BA S/E CABILDO 23KV BP1,REAL-DEF,62.696596666666665
2026-04-01,CABILDO_______110,BA S/E CABILDO 110KV BP1,REAL-DEF,62.689075
2026-04-01,CABRERO_______013,BA S/E CABRERO 13.2KV,REAL-DEF,57.818709999999996
2026-04-01,CABRERO_______023,BA S/E CABRERO 23KV,REAL-DEF,57.672149999999995
2026-04-01,CABRERO_______066,BA S/E CABRERO 66KV,REAL-DEF,57.62987
2026-04-01,CACHAPOAL_____013,BA S/E CACHAPOAL 15KV C1,REAL-DEF,62.091555
2026-04-01,CACHAPOAL_____066,BA S/E CACHAPOAL 15KV C2,REAL-DEF,61.880165
2026-04-01,CACHIYUYAL____220,BA S/E CACHIYUYAL 220KV BP,REAL-DEF,60.63721
2026-04-01,CAHUIZA_______220,BA S/E CAHUIZA 220kV BP1 [EN_REVISION],REAL-DEF,66.03746
2026-04-01,CAITAN________066,BA S/E CAITAN B1 66KV,REAL-DEF,60.17685
2026-04-01,CAITAN________220,,REAL-DEF,60.115790000000004
2026-04-01,CALAMA________023,BA S/E CALAMA 23 kV BP1-S1,REAL-DEF,62.038005
2026-04-01,CALAMA________110,BA S/E CALAMA 110 kV BP1,REAL-DEF,61.956265
2026-04-01,CALAMA________220,BA S/E CALAMA NUEVA 220kV BP1,REAL-DEF,62.93147
2026-04-01,CALBUCO_______013,BA S/E CALBUCO 23KV,REAL-DEF,60.76968
2026-04-01,CALBUCO_______110,BA S/E CALBUCO 110KV BP1,REAL-DEF,60.6964
2026-04-01,CALDERA_______013,BA S/E CALDERA 23KV B1,REAL-DEF,62.435410000000005
2026-04-01,CALDERA_______110,BA S/E CALDERA 110KV BP1 [No_Mostrar],REAL-DEF,62.40723
2026-04-01,CALERA.C______062,BA S/E CALERA CENTRO 62KV,REAL-DEF,58.41058999999999
2026-04-01,CALEU_________013,BA S/E CALEU 12KV BP1,REAL-DEF,57.9089
2026-04-01,CALEU_________044,BA S/E CALEU 44KV BP1,REAL-DEF,57.9089
2026-04-01,CALICHE_______220,BA S/E CALICHE 220kV B1 [En_Revision],REAL-DEF,63.86721
2026-04-01,CALLAO________023,BA S/E CENTRAL CALLAO 23KV BP1,REAL-DEF,55.141135
2026-04-01,CAMPO_LINDO1__033,BA S/E CAMPO LINDO 33KV BP1,REAL-DEF,54.85365
2026-04-01,CAMPO_LINDO2__033,BA S/E CAMPO LINDO 33KV BP2,REAL-DEF,54.78037
2026-04-01,CAMPO_LINDO___220,,REAL-DEF,55.163685
2026-04-01,CANAL_MELADO__110,,REAL-DEF,56.944975
2026-04-01,CANAL_MELADO__220,BA S/E CANAL MELADO 220KV BP1,REAL-DEF,56.944975
2026-04-01,CANCURA_______066,BA S/E SECCIONADORA CANCURA 66kV BT1 [EN_REVISION],REAL-DEF,55.93031
2026-04-01,CANDELARIA2___220,BA S/E CANDELARIA 220KV BP2,REAL-DEF,56.39819
2026-04-01,CANDELARIA____220,BA S/E CANDELARIA 220KV BP1,REAL-DEF,58.48388
2026-04-01,CANETE________023,BA S/E CANETE 23KV B.PRINCIPAL,REAL-DEF,60.72176
2026-04-01,CANETE________066,BA S/E CANETE 66KV,REAL-DEF,60.43428
2026-04-01,CANTERAS______023,BA S/E LAS CANTERAS 23KV BP1,REAL-DEF,58.95738
2026-04-01,CANTERAS______110,BA S/E LAS CANTERAS 110KV BP1,REAL-DEF,58.95362333333333
2026-04-01,CANUTILLAR____013,BA S/E CENTRAL CANUTILLAR 13.8KV B1,REAL-DEF,56.62648
2026-04-01,CANUTILLAR____220,BA S/E CANUTILLAR 220KV BP1-1,REAL-DEF,56.98443
2026-04-01,CAPRICORNIO___110,BA S/E CAPRICORNIO 110KV BP,REAL-DEF,61.1389
2026-04-01,CAPRICORNIO___220,BA S/E CAPRICORNIO 220KV BP1 [NO_MOSTRAR],REAL-DEF,60.61184
2026-04-01,CAPULLO_______066,BA S/E CAPULLO 66KV,REAL-DEF,54.025005
2026-04-01,CARAMPANGUE___013,BA S/E CARAMPANGUE 13.2KV,REAL-DEF,58.70935333333333
2026-04-01,CARAMPANGUE___023,BA S/E CARAMPANGUE 23KV,REAL-DEF,58.634193333333336
2026-04-01,CARAMPANGUE___066,BA S/E CARAMPANGUE 66KV,REAL-DEF,58.64171
2026-04-01,CARDONAL______023,BA S/E CARDONAL 23kV BP1,REAL-DEF,54.18848
2026-04-01,CARDONAL______110,BA S/E CARDONAL 110kV BP1,REAL-DEF,54.21854666666667
2026-04-01,CARDONES______110,BA S/E CARDONES 110KV BP1-1,REAL-DEF,60.313085
2026-04-01,CARDONES______220,BA S/E CARDONES 220KV BP1-1,REAL-DEF,59.49008
2026-04-01,CAREBAJO______023,BA S/E CAREN BAJO 23KV,REAL-DEF,55.73866
2026-04-01,CARENA________044,BA S/E CARENA 44KV,REAL-DEF,59.56054
2026-04-01,CARRASCAL_____012,BA S/E CARRASCAL 12KV BP1,REAL-DEF,58.430324999999996
2026-04-01,CARRASCAL_____110,BA S/E CARRASCAL 110KV BP1,REAL-DEF,58.340135000000004
2026-04-01,CASABLANCA____013,BA S/E CASABLANCA 12kV BP1,REAL-DEF,57.452304999999996
2026-04-01,CASABLANCA____066,BA S/E CASABLANCA 66kV BP1,REAL-DEF,57.36493
2026-04-01,CASASVIEJAS___023,BA S/E CASAS VIEJAS 13.2KV,REAL-DEF,60.31026
2026-04-01,CASASVIEJAS___110,BA S/E CASAS VIEJAS 110KV,REAL-DEF,60.31026
2026-04-01,CASERONES_____220,BA S/E CASERONES 220KV BP1-1,REAL-DEF,60.5132
2026-04-01,CASTILLA______023,BA S/E CASTILLA 23KV,REAL-DEF,60.15806
2026-04-01,CASTILLA______110,BA S/E CASTILLA 110KV BP1,REAL-DEF,60.10733
2026-04-01,CASTRO________023,BA S/E CASTRO 23KV,REAL-DEF,61.347475
2026-04-01,CASTRO________110,BA S/E CASTRO 110KV BP1,REAL-DEF,60.93597
2026-04-01,CATEMU________013,BA S/E CATEMU 12kV BP1,REAL-DEF,59.168769999999995
2026-04-01,CATEMU________044,BA S/E CATEMU 44kV BP1,REAL-DEF,59.1885
2026-04-01,CAUQUENES_____013,BA S/E CAUQUENES 13.2KV BP1,REAL-DEF,67.16485499999999
2026-04-01,CAUQUENES_____066,BA S/E CAUQUENES 66KV,REAL-DEF,67.15921499999999
2026-04-01,CAUTIN________220,BA S/E CAUTIN 220KV BP1,REAL-DEF,56.00078
2026-04-01,CD.ARICA______013,BA S/E CENTRAL DIESEL ARICA 13.8KV BP1,REAL-DEF,58.62855999999999
2026-04-01,CD.ARICA______066,BA S/E CENTRAL DIESEL ARICA 66KV BP1,REAL-DEF,60.80068
2026-04-01,CD.IQUIQUE____013,BA S/E CENTRAL DIESEL IQUIQUE 13.8KV BP1 [NO_MOSTRAR],REAL-DEF,65.76124
2026-04-01,CD.IQUIQUE____066,BA S/E CENTRAL DIESEL IQUIQUE 66KV [NO_MOSTRAR],REAL-DEF,63.450073333333336
2026-04-01,CD.TAMAYA_____110,BA S/E CENTRAL DIESEL TAMAYA 110KV BP,REAL-DEF,60.18061
2026-04-01,CELPACIFICO___013,BA S/E CELULOSA PACIFICO 13.2KV B1,REAL-DEF,66.18965
2026-04-01,CELPACIFICO___220,BA S/E CELULOSA PACIFICO 220KV BP1,REAL-DEF,55.15805
2026-04-01,CENTELLA______220,BA S/E CENTELLA 220kV BP1,REAL-DEF,58.331675
2026-04-01,CENTINELA_____220,BA S/E CENTINELA 220KV BP1 (AIS),REAL-DEF,61.744879999999995
2026-04-01,CENTRAL_ELEC__013,,REAL-DEF,52.319815000000006
2026-04-01,CENTRAL_ELEC__023,,REAL-DEF,52.80178
2026-04-01,CENTRO________023,BA S/E CENTRO 23KV,REAL-DEF,62.435415000000006
2026-04-01,CERRILLOS_____013,BA S/E CERRILLOS 23KV,REAL-DEF,61.378474999999995
2026-04-01,CERRILLOS_____110,BA S/E CERRILLOS 110KV BP1,REAL-DEF,61.82098
2026-04-01,CERROCOLORADO_110,BA S/E CERRO COLORADO 110KV,REAL-DEF,65.74997
2026-04-01,CERRONEGRONOR_220,BA S/E CERRO NEGRO NORTE 220KV BP1,REAL-DEF,60.05942
2026-04-01,CERRO_CHEPE1__066,BA S/E TAP OFF CERRO CHEPE 66 kV BP1-S2 [NO_MOSTRAR],REAL-DEF,60.58084
2026-04-01,CERRO_CHEPE2__066,BA S/E TAP OFF CERRO CHEPE 66 kV BP1-S1 [NO_MOSTRAR],REAL-DEF,59.31533
2026-04-01,CHACABUCO_____013,BA S/E CHACABUCO 12.5KV BP1,REAL-DEF,58.971475
2026-04-01,CHACABUCO_____023,BA S/E CHACABUCO 23KV BP2,REAL-DEF,59.07012
2026-04-01,CHACABUCO_____110,BA S/E CHACABUCO 110KV BP1,REAL-DEF,58.920745
2026-04-01,CHACAHUIN_____013,BA S/E CHACAHUIN 15KV BP1,REAL-DEF,60.11297
2026-04-01,CHACAHUIN_____066,BA S/E CHACAHUIN 66KV,REAL-DEF,60.05942
2026-04-01,CHACAYA2______110,BA S/E CHACAYA 110KV BP2,REAL-DEF,61.11072
2026-04-01,CHACAYA_______004,,REAL-DEF,58.05546
2026-04-01,CHACAYA_______110,BA S/E CHACAYA 110KV BP1,REAL-DEF,60.265164999999996
2026-04-01,CHACAYA_______220,BA S/E CHACAYA 220KV BP1,REAL-DEF,61.66156
2026-04-01,CHACA_________220,,REAL-DEF,59.92695
2026-04-01,CHAGRES_______110,BA S/E FUNDICION CHAGRES 110KV BP1,REAL-DEF,57.266279999999995
2026-04-01,CHAGUAL_______023,BA S/E CENTRAL CHAGUAL BP 23KV,REAL-DEF,57.79616
2026-04-01,CHAGUAL_______220,,REAL-DEF,57.694694999999996
2026-04-01,CHANARAL______023,BA S/E CHAÑARAL 23KV,REAL-DEF,58.28094
2026-04-01,CHAPIQUINA____013,BA S/E CENTRAL CHAPIQUIÑA 13.2KV [NO_MOSTRAR],REAL-DEF,56.96752
2026-04-01,CHAPIQUINA____066,BA S/E CENTRAL CHAPIQUIÑA 66KV BP1,REAL-DEF,55.51036
2026-04-01,CHARRUA_______013,BA S/E CHARRUA 13.2KV,REAL-DEF,55.97541
2026-04-01,CHARRUA_______066,BA S/E CHARRUA 66KV BP1,REAL-DEF,56.1417
2026-04-01,CHARRUA_______154,BA S/E CHARRUA 154KV BP1,REAL-DEF,56.02614
2026-04-01,CHARRUA_______220,BA S/E CHARRUA 220KV BP1-1,REAL-DEF,56.116335
2026-04-01,CHARRUA_______500,BA S/E CHARRUA 500KV BP1-1,REAL-DEF,56.42355
2026-04-01,CHCONDORES____013,,REAL-DEF,57.17609
2026-04-01,CHCONDORES____220,,REAL-DEF,57.16482
2026-04-01,CHICUREO______023,BA S/E CHICUREO 23KV BA1,REAL-DEF,58.02728
2026-04-01,CHICUREO______220,BA S/E CHICUREO 220KV BP1,REAL-DEF,57.97655
2026-04-01,CHIGUAYANTE___015,BA S/E CHIGUAYANTE 15KV,REAL-DEF,60.425825
2026-04-01,CHIGUAYANTE___066,BA S/E CHIGUAYANTE 66KV B1,REAL-DEF,60.363815
2026-04-01,CHILLAN_______013,BA S/E CHILLAN 13.2KV B1,REAL-DEF,57.69657333333333
2026-04-01,CHILLAN_______066,BA S/E CHILLAN 66KV BP2,REAL-DEF,57.652420000000006
2026-04-01,CHILLAN_______154,BA S/E CHILLAN 154 kV BP2 [NO_MOSTRAR],REAL-DEF,57.14791
2026-04-01,CHILOE________110,BA S/E CHILOE 110KV BP1,REAL-DEF,60.07915
2026-04-01,CHILOE________220,BA S/E CHILOE 220KV BP1,REAL-DEF,60.29899
2026-04-01,CHIMBARONGO___013,BA S/E CHIMBARONGO 15KV B1,REAL-DEF,61.97036
2026-04-01,CHIMBARONGO___066,BA S/E CHIMBARONGO 66KV,REAL-DEF,61.60114
2026-04-01,CHIMBORAZO____220,BA S/E CHIMBORAZO 220KV BP1,REAL-DEF,62.22120666666666
2026-04-01,CHINCHORRO____013,BA S/E CHINCHORRO 13.8KV BP1,REAL-DEF,65.386385
2026-04-01,CHINCHORRO____066,BA S/E CHINCHORRO 66KV BP1,REAL-DEF,65.265185
2026-04-01,CHIRRE________023,BA S/E CHIRRE 24KV BP1,REAL-DEF,56.09942
2026-04-01,CHIRRE________110,BA S/E CHIRRE 110KV BP1,REAL-DEF,56.37
2026-04-01,CHIU_CHIU_____110,BA S/E CHIU CHIU 110KV BP2,REAL-DEF,61.959085
2026-04-01,CHIVILCAN_____013,BA S/E CHIVILCAN 15KV B1,REAL-DEF,57.76233666666667
2026-04-01,CHIVILCAN_____066,BA S/E CHIVILCAN 66KV B1,REAL-DEF,57.376205
2026-04-01,CHOAPA________110,BA S/E CHOAPA 110KV BP1,REAL-DEF,57.866625
2026-04-01,CHOCALAN______013,BA S/E CHOCALAN 13.2KV,REAL-DEF,59.831115
2026-04-01,CHOCALAN______066,BA S/E CHOCALAN 66KV,REAL-DEF,59.146225
2026-04-01,CHOLGUAN______013,BA S/E CHOLGUAN (STS) 13.2KV BP,REAL-DEF,55.90776666666667
2026-04-01,CHOLGUAN______066,,REAL-DEF,55.097919999999995
2026-04-01,CHOLGUAN______220,BA S/E CHOLGUAN (STS) 220KV,REAL-DEF,55.72738
2026-04-01,CHOMECO_______220,,REAL-DEF,57.59323
2026-04-01,CHONCHI_______013,BA S/E CHONCHI 23KV,REAL-DEF,61.944995000000006
2026-04-01,CHONCHI_______110,BA S/E CHONCHI 110KV BP1,REAL-DEF,61.89426
2026-04-01,CHUMAQUITO____013,BA S/E CHUMAQUITO 15KV BP1,REAL-DEF,70.1271
2026-04-01,CHUMAQUITO____066,BA S/E CHUMAQUITO 66KV BP1,REAL-DEF,70.03127
2026-04-01,CHUMPULLO_____066,BA S/E CHUMPULLO 66KV,REAL-DEF,57.945544999999996
2026-04-01,CHUQUICAMATA__100,BA S/E CHUQUICAMATA 100KV BP1,REAL-DEF,62.37622
2026-04-01,CHUQUICAMATA__220,BA S/E CHUQUICAMATA 220KV BP1,REAL-DEF,60.78941
2026-04-01,CHUSCHA_______110,,REAL-DEF,59.402705
2026-04-01,CIPRESES______154,BA S/E CENTRAL CIPRESES 154KV BP1,REAL-DEF,51.882945
2026-04-01,CIRUELITOS____013,BA S/E CIRUELITO 13.2KV,REAL-DEF,63.018845
2026-04-01,CIRUELITOS____033,,REAL-DEF,62.074645000000004
2026-04-01,CIRUELOS______220,BA S/E CIRUELOS 220KV BP1,REAL-DEF,57.24937
2026-04-01,CKHURI________220,BA S/E CKHURI 220kV BP1 [EN_REVISION],REAL-DEF,74.83305333333332
2026-04-01,CLEONES_1_____220,BA S/E CENTRAL PARQUE EOLICO CABO LEONES I 220KV BP1,REAL-DEF,58.68117
2026-04-01,CLUB_HIPICO___013,BA S/E CLUB HIPICO 12KV BP1,REAL-DEF,59.68455333333333
2026-04-01,CLUB_HIPICO___110,BA S/E CLUB HIPICO 110KV BP1,REAL-DEF,59.408339999999995
2026-04-01,CNTALTAL______015,,REAL-DEF,60.115785
2026-04-01,CNTALTAL______220,BA S/E CENTRAL PARQUE EOLICO TALTAL 220KV BP,REAL-DEF,60.115785
2026-04-01,COCHARCAS2____013,BA S/E COCHARCAS (CGE) 15KV,REAL-DEF,59.73811
2026-04-01,COCHARCAS_____013,BA S/E COCHARCAS 13.8KV,REAL-DEF,59.743745000000004
2026-04-01,COCHARCAS_____066,BA S/E COCHARCAS (FFCC) 66KV,REAL-DEF,59.73811
2026-04-01,COCHRANE______220,BA S/E COCHRANE 220KV BP1,REAL-DEF,58.90101
2026-04-01,CODEGUA_______066,BA S/E CODEGUA 66kV BP1,REAL-DEF,55.81757
2026-04-01,CODEGUA_______110,BA S/E CODEGUA 110kV BP1-S1,REAL-DEF,58.75445
2026-04-01,COLACO________013,BA S/E COLACO 23KV B2,REAL-DEF,60.25389
2026-04-01,COLACO________066,BA S/E COLACO 66KV [NO_MOSTRAR],REAL-DEF,65.36102
2026-04-01,COLACO________110,BA S/E COLACO 110KV BP1,REAL-DEF,60.143969999999996
2026-04-01,COLBUN2_______220,,REAL-DEF,56.4151
2026-04-01,COLBUN________013,BA S/E COLBUN 13.8KV BP1,REAL-DEF,57.184545
2026-04-01,COLBUN________220,BA S/E COLBUN 220KV BP1,REAL-DEF,57.224005000000005
2026-04-01,COLCHAGUA_____015,BA S/E COLCHAGUA 15KV BP1,REAL-DEF,60.583659999999995
2026-04-01,COLCHAGUA_____066,BA S/E COLCHAGUA 66KV,REAL-DEF,60.0566
2026-04-01,COLCURA_______015,BA S/E CARDONES 110KV BP2 [NO_MOSTRAR],REAL-DEF,58.52897
2026-04-01,COLCURA_______066,,REAL-DEF,58.709355
2026-04-01,COLLAHUASI____220,BA S/E COLLAHUASI 220KV BP1,REAL-DEF,64.18852333333332
2026-04-01,COLLIPULLI____013,BA S/E COLLIPULLI 13.2KV,REAL-DEF,57.95775666666666
2026-04-01,COLLIPULLI____066,BA S/E COLLIPULLI 66KV,REAL-DEF,57.751065
2026-04-01,COLOCOLO______013,BA S/E COLO COLO 15KV,REAL-DEF,58.72063
2026-04-01,COLOCOLO______066,BA S/E COLO COLO 66KV,REAL-DEF,58.669895
2026-04-01,COLOSO________220,BA S/E COLOSO 220KV BP1,REAL-DEF,62.04082
2026-04-01,COMBARBALA____013,BA S/E COMBARBALA 13.2KV B1,REAL-DEF,62.22684
2026-04-01,COMBARBALA____066,BA S/E COMBARBALA 66KV,REAL-DEF,62.56506
2026-04-01,COMPANIA______013,BA S/E LAS COMPAÑIAS 13.2KV,REAL-DEF,59.754083333333334
2026-04-01,COMPANIA______110,BA S/E LAS COMPAÑIAS 110KV BP1,REAL-DEF,59.65261666666667
2026-04-01,CONCEPCION____066,BA S/E CONCEPCION (FFCC) 66KV,REAL-DEF,58.45287
2026-04-01,CONCEPCION____154,BA S/E CONCEPCION 154KV BT1,REAL-DEF,57.84126
2026-04-01,CONCEPCION____220,BA S/E CONCEPCION 220KV BP1,REAL-DEF,57.824349999999995
2026-04-01,CONCHI________220,BA S/E CONCHI 220KV BP,REAL-DEF,61.947810000000004
2026-04-01,CONCON________013,BA S/E CONCON 12kV BP1,REAL-DEF,57.01826
2026-04-01,CONCON________110,BA S/E CONCON 110KV BP1,REAL-DEF,56.76177
2026-04-01,CONDORES______110,BA S/E CONDORES 110kV BP1,REAL-DEF,64.32381000000001
2026-04-01,CONDORES______220,BA S/E CONDORES 220kV BP1,REAL-DEF,64.25053
2026-04-01,CONSTIT.______066,BA S/E CONSTITUCION 66KV BP1,REAL-DEF,49.3463
2026-04-01,CONSTIT1______023,BA S/E CONSTITUCION 23KV BP1,REAL-DEF,50.46806
2026-04-01,CONSTIT2______023,BA S/E CONSTITUCION 23KV BP2 [No_Mostrar],REAL-DEF,49.34066
2026-04-01,CONVENTOVIEJO_154,BA S/E SECCIONADORA CONVENTO VIEJO 154KV BP1,REAL-DEF,58.85028
2026-04-01,COPAYAPU______110,BA S/E COPAYAPU 110KV BP1,REAL-DEF,60.84578
2026-04-01,COPIAPO_______013,BA S/E COPIAPO 13.8KV B1,REAL-DEF,63.235870000000006
2026-04-01,COPIAPO_______110,BA S/E COPIAPO 110KV BP1,REAL-DEF,63.128765
2026-04-01,COPIHUES______066,,REAL-DEF,54.149024999999995
2026-04-01,COPIHUES______110,BA S/E COPIHUES 110KV BP1,REAL-DEF,54.36323
2026-04-01,CORONEL_______015,BA S/E CORONEL 15KV BP1,REAL-DEF,58.49796499999999
2026-04-01,CORONEL_______066,BA S/E CORONEL 66KV BP1,REAL-DEF,58.34295
2026-04-01,CORONEL_______154,BA S/E CORONEL 154KV BP1,REAL-DEF,57.91454
2026-04-01,CORRALES______023,BA S/E CENTRAL CORRALES 23KV BP1,REAL-DEF,57.01262
2026-04-01,CORRAL________023,BA S/E CORRAL 13.2KV,REAL-DEF,58.6699
2026-04-01,CORRAL________066,BA S/E CORRAL 66KV,REAL-DEF,58.79391
2026-04-01,COSTANERA_____012,BA S/E COSTANERA 12KV,REAL-DEF,59.859300000000005
2026-04-01,COSTANERA_____110,BA S/E COSTANERA 110KV BP1,REAL-DEF,59.84239
2026-04-01,CRUCEROSALAUX_220,,REAL-DEF,59.19414
2026-04-01,CRUCERO_______220,BA S/E CRUCERO 220KV BP1,REAL-DEF,62.10847
2026-04-01,CSP.C.DOMINAD_220,,REAL-DEF,61.73361
2026-04-01,CTIGRE________220,,REAL-DEF,61.64905
2026-04-01,CTR_MACHICURA_220,BA S/E CENTRAL MACHICURA 220KV BP1,REAL-DEF,57.190185
2026-04-01,CUMBRES_______220,BA S/E CUMBRE 220KV BP1,REAL-DEF,59.707105
2026-04-01,CUMBRES_______500,BA S/E CUMBRE 500KV BP1,REAL-DEF,59.625365
2026-04-01,CUNCO_________023,BA S/E CUNCO 23KV,REAL-DEF,56.928059999999995
2026-04-01,CUNCO_________110,BA S/E CUNCO 110KV,REAL-DEF,56.911154999999994
2026-04-01,CURACAUTIN____013,BA S/E CURACAUTIN 13.2KV BP1,REAL-DEF,58.867195
2026-04-01,CURACAUTIN____066,BA S/E CURACAUTIN 66KV BP1,REAL-DEF,58.649226666666664
2026-04-01,CURACAVI______012,BA S/E CURACAVI 12KV BP1,REAL-DEF,60.45119
2026-04-01,CURACAVI______044,BA S/E CURACAVI 44KV B1,REAL-DEF,60.37509
2026-04-01,CURANILAHUEN__066,BA S/E CURANILAHUE NORTE 66KV BP1,REAL-DEF,59.002480000000006
2026-04-01,CURANILAHUE___013,BA S/E CURANILAHUE 13.2KV,REAL-DEF,59.009996666666666
2026-04-01,CURANILAHUE___066,BA S/E CURANILAHUE 66KV,REAL-DEF,58.8841
2026-04-01,CURICO2_______013,BA S/E CURICO 13.2KV BP1,REAL-DEF,61.78152
2026-04-01,CURICO________013,BA S/E CURICO 13.8KV BP1,REAL-DEF,61.902715
2026-04-01,CURICO________066,BA S/E CURICO 66KV B1,REAL-DEF,61.73642
2026-04-01,CURILLINQUE___154,BA S/E CURILLINQUE 154KV [NO_MOSTRAR],REAL-DEF,52.04642
2026-04-01,C_LAJA________220,BA S/E CENTRAL LAJA 1 220KV BP1,REAL-DEF,55.90213
2026-04-01,D.ALMAGRO1____220,,REAL-DEF,57.68906
2026-04-01,D.ALMAGRO_____023,BA S/E DIEGO DE ALMAGRO 23KV,REAL-DEF,60.81196
2026-04-01,D.ALMAGRO_____110,BA S/E DIEGO DE ALMAGRO 110KV BP1-1,REAL-DEF,60.349725
2026-04-01,D.ALMAGRO_____220,BA S/E DIEGO DE ALMAGRO 220KV BP1-1,REAL-DEF,60.07069
2026-04-01,D.AMIGOS______023,BA S/E DOS AMIGOS 23KV,REAL-DEF,59.33506
2026-04-01,D.AMIGOS______110,BA S/E DOS AMIGOS 110KV BP1,REAL-DEF,59.33506
2026-04-01,DALCAHUE______023,BA S/E DALCAHUE 23KV BP1,REAL-DEF,61.16709
2026-04-01,DALCAHUE______110,BA S/E DALCAHUE 110KV BP1,REAL-DEF,60.89651
2026-04-01,DAMASCAL______023,BA S/E DAMASCAL 23kV BP1-1,REAL-DEF,59.65073
2026-04-01,DAMASCAL______110,BA S/E DAMASCAL 110kV BT1,REAL-DEF,59.65073
2026-04-01,DEGAN_________013,BA S/E DEGAÑ 23KV B1,REAL-DEF,60.33563
2026-04-01,DEGAN_________110,BA S/E DEGAÑ 110KV [NO_MOSTRAR],REAL-DEF,60.17498
2026-04-01,DESALANT______110,BA S/E DESALANT 110KV BP,REAL-DEF,63.368335
2026-04-01,DEUCO_________013,BA S/E DEUCO 13.8KV,REAL-DEF,53.88032666666666
2026-04-01,DEUCO_________066,BA S/E DEUCO 66KV,REAL-DEF,53.87563
2026-04-01,DICHAS________066,BA S/E LAS DICHAS 66kV BP1 [EN_REVISION,REAL-DEF,57.56504
2026-04-01,DICHAS________220,BA S/E LAS DICHAS 220kV BP1 [EN_REVISION],REAL-DEF,57.56504
2026-04-01,DOLE__________066,,REAL-DEF,62.4185
2026-04-01,DOMEYKO_______220,BA S/E DOMEYKO 220KV BP1,REAL-DEF,62.539699999999996
2026-04-01,DONA_CARMEN___220,BA S/E DOÑA CARMEN 220KV,REAL-DEF,57.14227
2026-04-01,DONHUMBERTO___033,BA S/E DON HUMBERTO 36kV BP1,REAL-DEF,58.59098
2026-04-01,DONHUMBERTO___110,BA S/E DON HUMBERTO 110kV BP1,REAL-DEF,58.59098
2026-04-01,DON_GOYO______220,BA S/E DON GOYO 220KV BP2,REAL-DEF,58.249939999999995
2026-04-01,DON_HECTOR____220,BA S/E DON HECTOR 220KV BP1,REAL-DEF,58.21894
2026-04-01,DUNAS_________007,"BA S/E LAS DUNAS 6,9kV BP1 [EN_REVISION]",REAL-DEF,56.750495
2026-04-01,DUNAS_________220,BA S/E LAS DUNAS 220kV BP1 GIS [EN_REVISION],REAL-DEF,60.75559
2026-04-01,DUQUECO_______023,BA S/E DUQUECO 23kV BP1,REAL-DEF,55.532905
2026-04-01,DUQUECO_______066,BA S/E DUQUECO 66kV BP1,REAL-DEF,55.52727
2026-04-01,DUQUECO_______220,BA S/E DUQUECO 220kV BP1,REAL-DEF,55.82885
2026-04-01,E.PENON_______013,BA S/E EL PEÑON 13.2KV C1,REAL-DEF,60.197525
2026-04-01,E.PENON_______023,BA S/E EL PEÑON 23KV,REAL-DEF,60.231345000000005
2026-04-01,E.PENON_______066,BA S/E EL PEÑON 66KV,REAL-DEF,62.271935
2026-04-01,E.PENON_______110,BA S/E EL PEÑON 110KV BP2,REAL-DEF,60.40609
2026-04-01,E.SAUCE_______013,BA S/E EL SAUCE 13.2KV,REAL-DEF,63.855933333333326
2026-04-01,E.SAUCE_______066,BA S/E EL SAUCE 66KV,REAL-DEF,63.93767
2026-04-01,EJERCITO______013,BA S/E EJERCITO 15KV B1,REAL-DEF,58.90383
2026-04-01,EJERCITO______066,BA S/E EJERCITO 66KV B1,REAL-DEF,58.777
2026-04-01,EKA.CHILE_____154,BA S/E EKA CHILE 154KV BP1,REAL-DEF,58.151289999999996
2026-04-01,EL.LLANO______220,BA S/E EL LLANO 220KV BP1,REAL-DEF,57.55752999999999
2026-04-01,ELABRA________220,BA S/E EL ABRA 220KV BP2 (AIS),REAL-DEF,61.99009
2026-04-01,ELARRAYAN_____220,,REAL-DEF,57.920175
2026-04-01,ELAVELLANO____023,BA S/E EL AVELLANO 23KV,REAL-DEF,56.83787
2026-04-01,ELAVELLANO____066,BA S/E EL AVELLANO 66KV [No_Mostrar],REAL-DEF,56.52784
2026-04-01,ELCOBRE_______220,BA S/E EL COBRE (ENGIE) 220KV BP1,REAL-DEF,60.91906
2026-04-01,ELLAUREL______023,BA S/E EL LAUREL 23kV B1,REAL-DEF,57.550955
2026-04-01,ELLAUREL______066,BA S/E EL LAUREL 66kV BP1,REAL-DEF,57.44667
2026-04-01,ELLAUREL______220,BA S/E EL LAUREL 220KV BP1,REAL-DEF,57.550955
2026-04-01,ELMAITEN______013,BA S/E EL MAITEN 13.2KV,REAL-DEF,59.22232
2026-04-01,ELMAITEN______066,BA S/E EL MAITEN 66KV,REAL-DEF,59.10958
2026-04-01,ELMANZANO_____015,BA S/E EL MANZANO (CGE) 15KV BP1,REAL-DEF,69.36892
2026-04-01,ELMONTE_______013,BA S/E EL MONTE 13.2KV,REAL-DEF,62.184565000000006
2026-04-01,ELMONTE_______066,BA S/E EL MONTE 66KV,REAL-DEF,62.0831
2026-04-01,ELPAICO_______013,BA S/E EL PAICO 13.2KV BP1,REAL-DEF,61.336195000000004
2026-04-01,ELPAICO_______066,BA S/E EL PAICO 66KV BP1,REAL-DEF,61.28358333333333
2026-04-01,ELPEUMO_______023,BA S/E EL PEUMO 23KV,REAL-DEF,57.717245
2026-04-01,ELPEUMO_______066,BA S/E EL PEUMO 66KV B1,REAL-DEF,57.66933
2026-04-01,ELSALADO______023,BA S/E EL SALADO 23KV,REAL-DEF,61.15581
2026-04-01,ELSALADO______110,BA S/E EL SALADO 110KV BP1,REAL-DEF,60.61466
2026-04-01,ELSALVADOR____012,BA S/E EL SALVADOR 12KV,REAL-DEF,61.8548
2026-04-01,ELSALVADOR____110,BA S/E EL SALVADOR 110KV BP1,REAL-DEF,61.477125
2026-04-01,ELVCAPRI______110,BA S/E ELEVADORA CAPRICORNIO 110KV B1,REAL-DEF,60.15806333333333
2026-04-01,EL_LINCE______023,BA S/E EL LINCE 23KV BP,REAL-DEF,60.39482
2026-04-01,EL_LINCE______110,BA S/E EL LINCE 110KV BP,REAL-DEF,61.2911
2026-04-01,EL_MANZANO____033,BA S/E EL MANZANO (ENEL TRANSMISION) 33 KV BP1,REAL-DEF,57.51431
2026-04-01,EL_MANZANO____220,BA S/E EL MANZANO (ENEL TRANSMISION) 220KV BP1-1,REAL-DEF,57.57068
2026-04-01,EL_MELON______013,BA S/E EL MELON 12kV BP1,REAL-DEF,60.0115
2026-04-01,EL_MELON______044,BA S/E EL MELON 44kV BP1,REAL-DEF,60.0115
2026-04-01,EL_NEGRO______110,BA S/E TAP OFF EL NEGRO 110KV BP,REAL-DEF,61.52504
2026-04-01,EL_PASO_______023,,REAL-DEF,57.47485
2026-04-01,EL_PASO_______154,,REAL-DEF,55.28206
2026-04-01,EL_SALTO______110,BA S/E EL SALTO 110KV BP1-1,REAL-DEF,58.26967
2026-04-01,EL_SALTO______220,BA S/E EL SALTO 220KV BP1,REAL-DEF,58.080830000000006
2026-04-01,EL_TORO_______220,BA S/E CENTRAL EL TORO 220KV BP1,REAL-DEF,55.56955
2026-04-01,EMPALME_______013,BA S/E EL EMPALME 23KV BP1,REAL-DEF,60.324355
2026-04-01,EMPALME_______110,BA S/E EL EMPALME 110KV BP1,REAL-DEF,60.22383
2026-04-01,ENACAR________013,BA S/E ENACAR 13.2KV [NO_MOSTRAR],REAL-DEF,58.23585
2026-04-01,ENACAR________066,BA S/E ENACAR 66KV [NO_MOSTRAR],REAL-DEF,58.23585
2026-04-01,ENAEX_________110,BA S/E CENTRAL DIESEL ENAEX 110KV,REAL-DEF,60.242615
2026-04-01,ENCUENTRO_____220,BA S/E ENCUENTRO 220KV BP1,REAL-DEF,61.07126
2026-04-01,ENL.MAITENES__110,BA S/E CENTRAL MAITENES 110KV BP2,REAL-DEF,56.35309
2026-04-01,ENLACE_SNG____220,NODO TAP OFF ENLACE 220KV LADO LINEA,REAL-DEF,61.451755
2026-04-01,ENLACE________066,BA S/E ENLACE 66KV,REAL-DEF,56.12949
2026-04-01,ENTRERIOS_____220,BA S/E ENTRE RIOS 220KV BP1,REAL-DEF,56.116335
2026-04-01,ENTRERIOS_____500,BA S/E ENTRE RIOS 500KV BP1,REAL-DEF,56.50811
2026-04-01,EPULEUFU______066,BA S/E EPULEUFU 66kV BP1 [EN_REVISION],REAL-DEF,53.641695
2026-04-01,EPULEUFU______220,BA S/E EPULEUFU 220kV BP1 [EN_REVISION],REAL-DEF,55.18059
2026-04-01,ESCONDIDA_____220,BA S/E ESCONDIDA 220KV BP1,REAL-DEF,63.38243
2026-04-01,ESCUADRON_____015,BA S/E ESCUADRON (CGE) 15KV,REAL-DEF,60.49065
2026-04-01,ESCUADRON_____066,BA S/E ESCUADRON (CGE) 66KV,REAL-DEF,60.439915
2026-04-01,ESMERALDA_____110,BA S/E ESMERALDA 110KV BP1,REAL-DEF,63.37115
2026-04-01,ESMERALDA_____220,BA S/E ESMERALDA 220KV BP1,REAL-DEF,62.226845
2026-04-01,ESPERANZA_SNG_023,BA S/E PARQUE EOLICO LA ESPERANZA 23KV,REAL-DEF,62.92583
2026-04-01,ESPERANZA_SNG_220,,REAL-DEF,61.820980000000006
2026-04-01,ESPERANZA_____013,BA S/E LA ESPERANZA 13.2KV BP1,REAL-DEF,56.99007
2026-04-01,ESPERANZA_____062,BA S/E ESPERANZA (COLBUN) 66KV,REAL-DEF,57.05208
2026-04-01,ESPERANZA_____066,BA S/E LA ESPERANZA (CGE) 66KV [NO_MOSTRAR],REAL-DEF,56.959065
2026-04-01,ESPERANZA_____110,BA S/E ESPERANZA 110KV BP1,REAL-DEF,57.05771
2026-04-01,ESPERANZA_____220,BA S/E ESPERANZA (MINERA CENTINELA) 220KV BP,REAL-DEF,53.88408
2026-04-01,ESPIGA________023,,REAL-DEF,49.32375
2026-04-01,ESPINO________013,BA S/E EL ESPINO 13.2KV [NO_MOSTRAR],REAL-DEF,61.67442
2026-04-01,ESPINO________066,,REAL-DEF,61.510945
2026-04-01,EST1_IBRTACAM_220,,REAL-DEF,58.359865
2026-04-01,ESTANCILLA____044,BA S/E ESTANCILLA 44kV BP1,REAL-DEF,58.93483500000001
2026-04-01,ESTEPA________220,,REAL-DEF,74.53241
2026-04-01,ESTN6_________066,,REAL-DEF,66.09383
2026-04-01,EST_248_______110,,REAL-DEF,62.57634
2026-04-01,EST_66________110,,REAL-DEF,60.592115
2026-04-01,EST_68________110,,REAL-DEF,60.592115
2026-04-01,EST_L1A2______220,,REAL-DEF,60.964155
2026-04-01,EST_L1A_______220,,REAL-DEF,61.023345
2026-04-01,EST_L1B2______220,,REAL-DEF,61.023345
2026-04-01,EST_L1B_______220,,REAL-DEF,60.964155
2026-04-01,EST_N4________220,,REAL-DEF,60.99798
2026-04-01,EUGENIO_______023,BA S/E DON EUGENIO 23kV BP1 [EN_REVISION],REAL-DEF,57.077445
2026-04-01,FARELLON______220,BA S/E FARELLON 220KV BP1,REAL-DEF,61.64905
2026-04-01,FATIMA1_______154,BA S/E FATIMA 154KV T1 [NO_MOSTRAR],REAL-DEF,58.39932
2026-04-01,FATIMA2_______154,BA S/E FATIMA 154KV T2 [NO_MOSTRAR],REAL-DEF,58.38428666666667
2026-04-01,FATIMA________015,BA S/E FATIMA 15KV BP1,REAL-DEF,61.231915
2026-04-01,FATIMA________066,BA S/E FATIMA 66KV BT1,REAL-DEF,60.74431
2026-04-01,FATIMA________154,BA S/E FATIMA 154KV BP1,REAL-DEF,59.515445
2026-04-01,FFCC__________110,,REAL-DEF,59.199775
2026-04-01,FIBRANOVA_____066,BA S/E FIBRANOVA 66KV,REAL-DEF,57.677785
2026-04-01,FLORIDA_______012,BA S/E FLORIDA 12KV,REAL-DEF,59.332245
2026-04-01,FOPACO________006,,REAL-DEF,58.165385
2026-04-01,FOPACO________015,,REAL-DEF,58.04983
2026-04-01,FOPACO________154,BA S/E FPC 154KV BP1,REAL-DEF,57.9089
2026-04-01,FORTUNA_______220,BA S/E FORTUNA 220KV BP,REAL-DEF,60.66915
2026-04-01,FRONTERA______220,BA S/E FRONTERA 220KV BP1,REAL-DEF,62.1592
2026-04-01,FRUTILLAR_____013,BA S/E FRUTILLAR 13.2KV,REAL-DEF,59.25333
2026-04-01,FRUTILLAR_____066,BA S/E FRUTILLAR 66KV BP1,REAL-DEF,59.24769
2026-04-01,FUENTECILLA___015,BA S/E FUENTECILLA 15 kV BP1,REAL-DEF,55.35346333333333
2026-04-01,FUENTECILLA___066,BA S/E FUENTECILLA 66 kV BP1,REAL-DEF,61.502489999999995
2026-04-01,FUTURO________033,BA S/E FUTURO 33KV B1,REAL-DEF,61.23473
2026-04-01,FUTURO________220,BA S/E FUTURO 220KV BP,REAL-DEF,61.23473
2026-04-01,G.SOLAR_______033,BA S/E GRANJA SOLAR EB1 33KV,REAL-DEF,63.40498
2026-04-01,G.SOLAR_______220,BA S/E GRANJA SOLAR 220KV BP1,REAL-DEF,64.120875
2026-04-01,GABRIELA______033,BA S/E GABRIELA 33kV BP1 [EN_REVISION],REAL-DEF,81.02624
2026-04-01,GABRIELA______220,BA S/E GABRIELA 220kV BP1 [EN_REVISION],REAL-DEF,61.40384
2026-04-01,GABY__________220,BA S/E GABY 220KV BP,REAL-DEF,62.4185
2026-04-01,GALLEGUILLOS__110,BA S/E GALLEGUILLOS 110KV BP1,REAL-DEF,61.3982
2026-04-01,GAMBOA1_______110,BA S/E GAMBOA 110kV BP1,REAL-DEF,60.76122
2026-04-01,GAMBOA1_______220,BA S/E GAMBOA 220kV BP1,REAL-DEF,60.592115
2026-04-01,GAMBOA2_______110,BA S/E GAMBOA 110kV BP2,REAL-DEF,60.76122
2026-04-01,GAMBOA2_______220,BA S/E GAMBOA 220kV BP2,REAL-DEF,60.4681
2026-04-01,GEOGLIFOS_____220,BA S/E GEOGLIFOS 220KV BP1,REAL-DEF,63.70749333333333
2026-04-01,GORBEA________013,"BA S/E GORBEA 13,2KV BP1",REAL-DEF,58.207665
2026-04-01,GORBEA________066,BA S/E GORBEA 66 kV BP1 [EN_REVISION],REAL-DEF,58.12311
2026-04-01,GRANEROS______015,BA S/E GRANEROS 15KV BP1,REAL-DEF,63.11467
2026-04-01,GRANEROS______066,BA S/E GRANEROS 66KV BP1,REAL-DEF,63.08367
2026-04-01,GUACOLDA______220,BA S/E CENTRAL GUACOLDA 220KV BP1-1,REAL-DEF,57.658055000000004
2026-04-01,GUARDIAMARINA_013,"BA S/E GUARDIAMARINA 13,8KV BP1-1",REAL-DEF,73.5854
2026-04-01,GUARDIAMARINA_023,BA S/E GUARDIAMARINA 23KV BP1-1,REAL-DEF,76.78721
2026-04-01,GUARDIAMARINA_110,BA S/E GUARDIAMARINA 110KV BP1,REAL-DEF,63.98559
2026-04-01,GUAYACAN______013,BA S/E GUAYACAN 13.2KV C1,REAL-DEF,60.857056666666665
2026-04-01,GUAYACAN______066,BA S/E GUAYACAN 66KV,REAL-DEF,61.14454
2026-04-01,H.FUENTES_____013,BA S/E HERNAN FUENTES 23KV,REAL-DEF,62.5707
2026-04-01,H.FUENTES_____110,BA S/E HERNAN FUENTES 110KV BP1,REAL-DEF,63.11185
2026-04-01,HORCONES______066,BA S/E HORCONES 66KV BP1,REAL-DEF,58.8841
2026-04-01,HOSPITAL______013,BA S/E HOSPITAL 15KV,REAL-DEF,61.40666
2026-04-01,HOSPITAL______066,BA S/E HOSPITAL 66KV,REAL-DEF,61.15018
2026-04-01,HUALANE_______013,BA S/E HUALAÑE 13.2KV,REAL-DEF,70.83454
2026-04-01,HUALANE_______066,BA S/E HUALAÑE 66KV,REAL-DEF,70.606245
2026-04-01,HUALPEN_______154,BA S/E HUALPEN 154KV BP1,REAL-DEF,58.0611
2026-04-01,HUALPEN_______220,BA S/E HUALPEN 220KV [NO_MOSTRAR],REAL-DEF,57.65147666666667
2026-04-01,HUALQUI_______066,BA S/E HUALQUI 66KV BP1,REAL-DEF,43.884045
2026-04-01,HUALQUI_______220,BA S/E HUALQUI 220KV BP1,REAL-DEF,49.28429
2026-04-01,HUALTE________013,BA S/E HUALTE 13.2KV [NO_MOSTRAR],REAL-DEF,61.72702999999999
2026-04-01,HUALTE________033,BA S/E HUALTE 33KV [NO_MOSTRAR],REAL-DEF,62.71726
2026-04-01,HUALTE________066,BA S/E HUALTE 66KV,REAL-DEF,61.53913
2026-04-01,HUASCO________013,BA S/E HUASCO 13.8KV B1 [NO_MOSTRAR],REAL-DEF,59.1434
2026-04-01,HUASCO________110,BA S/E HUASCO 110KV BP1-1,REAL-DEF,58.878465
2026-04-01,IBERATACAMA___220,BA S/E IBERATACAMA 220kV BP1,REAL-DEF,58.359865
2026-04-01,IBERTALTAL____500,BA S/E IBERTALTAL 500kV BP1 [EN_REVISION],REAL-DEF,52.14789
2026-04-01,IEM___________023,BA S/E IEM 20KV GX,REAL-DEF,60.94161
2026-04-01,ILLAPA________220,BA S/E ILLAPA 220KV BP1,REAL-DEF,59.88749
2026-04-01,ILLAPEL_______023,BA S/E ILLAPEL 23KV BP1,REAL-DEF,60.383545
2026-04-01,ILLAPEL_______066,BA S/E ILLAPEL 66 kV BP2 [NO_MOSTRAR],REAL-DEF,60.511316666666666
2026-04-01,ILLAPEL_______110,BA S/E ILLAPEL 110KV BP1,REAL-DEF,60.270804999999996
2026-04-01,IMPERIAL______013,BA S/E IMPERIAL 23KV,REAL-DEF,62.84691
2026-04-01,IMPERIAL______066,BA S/E IMPERIAL 66KV,REAL-DEF,62.79618
2026-04-01,INACESA_______023,BA S/E INACESA 23KV,REAL-DEF,61.587045
2026-04-01,INCAHUASI_____023,BA S/E INCAHUASI 23KV BP1,REAL-DEF,59.52954
2026-04-01,INCAHUASI_____110,BA S/E INCAHUASI 110KV BP1 [NO_MOSTRAR],REAL-DEF,59.74656
2026-04-01,INCA_DE_ORO___033,BA S/E INCA DE ORO 33 KV BP1,REAL-DEF,60.43428
2026-04-01,INCA_DE_ORO___220,,REAL-DEF,59.88467
2026-04-01,INDURA________066,BA S/E GRANEROS INDURA 66kV BP1 [No_Mostrar],REAL-DEF,62.50869
2026-04-01,IQUIQUE_______013,BA S/E IQUIQUE 13.8KV,REAL-DEF,65.76124
2026-04-01,IQUIQUE_______066,BA S/E IQUIQUE 66KV BP,REAL-DEF,65.76124
2026-04-01,ISLADMAIPO____013,BA S/E ISLA DE MAIPO 12KV C1,REAL-DEF,64.52674
2026-04-01,ISLADMAIPO____066,BA S/E ISLA DE MAIPO 66KV BP1,REAL-DEF,64.43091
2026-04-01,ISLA__________013,BA S/E ISLA DE MAIPO 12KV C3,REAL-DEF,51.71384
2026-04-01,ISLA__________154,BA S/E ISLA 154KV [NO_MOSTRAR],REAL-DEF,51.7082
2026-04-01,ITAHUE________013,BA S/E ITAHUE 13.8KV,REAL-DEF,58.34295
2026-04-01,ITAHUE________066,BA S/E ITAHUE 66KV BP1 [No_Mostrar],REAL-DEF,57.751065
2026-04-01,ITAHUE________154,BA S/E ITAHUE 154KV BP1,REAL-DEF,57.63833
2026-04-01,ITAHUE________220,BA S/E ITAHUE 220KV [NO_MOSTRAR],REAL-DEF,57.672145
2026-04-01,JADRESIC______220,BA S/E JADRESIC 220kV BP1,REAL-DEF,59.88467
2026-04-01,JADRESIC______500,BA S/E JADRESIC 500kV BP1,REAL-DEF,59.1434
2026-04-01,JAVIERA_______110,BA S/E CENTRAL JAVIERA 110KV BP1,REAL-DEF,61.26667666666666
2026-04-01,JORQUERA______023,BA S/E JORQUERA 23KV BP1,REAL-DEF,69.02319
2026-04-01,JORQUERA______220,BA S/E JORQUERA 220KV BP1,REAL-DEF,59.912855
2026-04-01,JUNCAL________013,BA S/E JUNCAL PORTILLO 12kV BP1,REAL-DEF,59.419615
2026-04-01,JUNCAL________044,BA S/E JUNCAL PORTILLO 44kV BP1,REAL-DEF,59.39143
2026-04-01,KAPATUR_______220,BA S/E KAPATUR 220KV BP1,REAL-DEF,60.98107
2026-04-01,KELAR_________220,BA S/E KELAR 220KV BP1,REAL-DEF,60.98107
2026-04-01,KIMAL_________220,BA S/E KIMAL 220KV BP1,REAL-DEF,62.0521
2026-04-01,KIMAL_________500,BA S/E KIMAL 500KV BA [NO_MOSTRAR],REAL-DEF,60.50380333333334
2026-04-01,KIM_NVACH_AUX_220,,REAL-DEF,61.64623
2026-04-01,KM6___________100,BA S/E KM6 100KV BP1,REAL-DEF,62.584795
2026-04-01,L.ALMENDROS___110,BA S/E LOS ALMENDROS 110KV BP1,REAL-DEF,58.698085
2026-04-01,L.ALMENDROS___220,BA S/E LOS ALMENDROS 220KV BP1,REAL-DEF,58.60789
2026-04-01,L.ANGELES_____013,BA S/E LOS ANGELES (CGE) 15KV BP1-S2,REAL-DEF,53.88408
2026-04-01,L.ANGELES_____066,BA S/E LOS ANGELES (CGE) 66KV BP1,REAL-DEF,54.890285
2026-04-01,L.ANGELES_____154,BA S/E LOS ANGELES (CGE) 154KV BP1,REAL-DEF,53.596595
2026-04-01,L.BAYAS_______220,BA S/E LOMAS BAYAS 220KV BP,REAL-DEF,61.86044
2026-04-01,L.CABRAS______013,BA S/E LAS CABRAS 15KV,REAL-DEF,66.40386
2026-04-01,L.CABRAS______066,BA S/E LAS CABRAS 66KV,REAL-DEF,66.36722
2026-04-01,L.CHANGOS_____220,BA S/E LOS CHANGOS 220KV BP1,REAL-DEF,60.98107
2026-04-01,L.CHANGOS_____500,BA S/E LOS CHANGOS 500KV BP1,REAL-DEF,61.05998
2026-04-01,L.COLOR1______110,BA S/E LOS COLORADOS 110KV BP1,REAL-DEF,59.309695
2026-04-01,L.COLORADAS___013,BA S/E LOMA COLORADA 15KV BP1,REAL-DEF,60.13927666666667
2026-04-01,L.COLORADAS___066,BA S/E LOMA COLORADA 66KV,REAL-DEF,59.98143666666667
2026-04-01,L.CONFLUENCIA_154,BA S/E CENTRAL LA CONFLUENCIA 220KV B1 [NO_MOSTRAR],REAL-DEF,55.28206
2026-04-01,L.CONFLUENCIA_220,BA S/E CENTRAL LA CONFLUENCIA 220KV BP1,REAL-DEF,57.41285
2026-04-01,L.ERMITA______220,BA S/E LA ERMITA 220KV,REAL-DEF,58.106195
2026-04-01,L.HIGUERA_____154,,REAL-DEF,55.28206
2026-04-01,L.HIGUERA_____220,BA S/E CENTRAL LA HIGUERA 220KV BP1,REAL-DEF,57.66087
2026-04-01,L.INDURA______066,BA S/E LIRQUEN INDURA 66kV BP1 [No_Mostrar],REAL-DEF,59.74938
2026-04-01,L.LAGOS2______013,"BA S/E LOS LAGOS 13,2kV BP2",REAL-DEF,60.28772
2026-04-01,L.LAGOS_______013,BA S/E LOS LAGOS 13.2KV,REAL-DEF,60.46528
2026-04-01,L.LAGOS_______066,BA S/E LOS LAGOS 66KV,REAL-DEF,60.417370000000005
2026-04-01,L.LAJA_COYA___023,BA S/E LA LAJA ENERGIA COYANCO BARRA 23KV,REAL-DEF,57.90326
2026-04-01,L.LAJA_COYA___110,BA S/E LA LAJA ENERGIA COYANCO 110KV BP1,REAL-DEF,57.90326
2026-04-01,L.LAJA________110,BA S/E TAP OFF LA LAJA 110KV BP1,REAL-DEF,58.84746
2026-04-01,L.LAJUELAS____033,,REAL-DEF,57.55941
2026-04-01,L.LIRIOS______066,BA S/E LOS LIRIOS (FFCC) 66KV,REAL-DEF,63.2415
2026-04-01,L.LOROS_______013,BA S/E LOS LOROS 23KV BP1,REAL-DEF,61.19527
2026-04-01,L.LOROS_______110,BA S/E LOS LOROS 110KV BP1,REAL-DEF,61.657505
2026-04-01,L.LUCES_______110,BA S/E LAS LUCES 110KV [NO_MOSTRAR],REAL-DEF,65.37793
2026-04-01,L.MAQUIS______110,BA S/E LOS MAQUIS 110KV SECCION 1,REAL-DEF,57.72288
2026-04-01,L.MAQUIS______220,BA S/E LOS MAQUIS 220KV BP1-1 (AIS),REAL-DEF,57.68906
2026-04-01,L.NEGROS2_____066,BA S/E CERRO NEGRO 12KV B2,REAL-DEF,56.49401
2026-04-01,L.NEGROS______013,,REAL-DEF,55.86831
2026-04-01,L.NEGROS______066,BA S/E LOS NEGROS 66KV B1,REAL-DEF,60.98107
2026-04-01,L.PALMAS______220,BA S/E LAS PALMAS 220KV BP1,REAL-DEF,57.954
2026-04-01,L.QUILOS______066,BA S/E CENTRAL LOS QUILOS 66KV,REAL-DEF,57.207094999999995
2026-04-01,L.QUILOS______110,BA S/E CENTRAL LOS QUILOS 110KV,REAL-DEF,57.714425000000006
2026-04-01,L.UNION_______013,BA S/E LA UNION 13.8KV,REAL-DEF,58.57407
2026-04-01,L.UNION_______066,BA S/E LA UNION 66KV BP1,REAL-DEF,58.410595
2026-04-01,L.VEGAS2______110,BA S/E LAS VEGAS (CHILQUINTA) 110KV BP2,REAL-DEF,57.697514999999996
2026-04-01,L.VEGAS_______013,BA S/E LAS VEGAS (CHILQUINTA) 12kV BP1,REAL-DEF,57.962455
2026-04-01,L.VEGAS_______044,BA S/E LAS VEGAS (CHILQUINTA) 44kV BP1,REAL-DEF,57.9089
2026-04-01,L.VEGAS_______110,BA S/E LAS VEGAS (CHILQUINTA) 110KV BP1,REAL-DEF,57.697514999999996
2026-04-01,L.VERDE_______066,BA S/E CENTRAL LAGUNA VERDE 66kV BP1,REAL-DEF,56.82378
2026-04-01,L.VERDE_______110,BA S/E CENTRAL LAGUNA VERDE 110kV BP1,REAL-DEF,56.82096
2026-04-01,L.VILOS_______110,,REAL-DEF,55.94723
2026-04-01,L.VILOS_______220,BA S/E LOS VILOS 220KV BP1,REAL-DEF,57.79052
2026-04-01,L.VIZCACHAS___110,,REAL-DEF,59.132130000000004
2026-04-01,LABERINTO_____220,BA S/E LABERINTO 220KV BP1,REAL-DEF,60.890875
2026-04-01,LACRUZ________220,BA S/E TAP OFF LA CRUZ 220KV BP,REAL-DEF,60.659753333333335
2026-04-01,LAGUNAS_______023,BA S/E LAGUNAS 23KV BP1,REAL-DEF,64.31817000000001
2026-04-01,LAGUNAS_______220,BA S/E LAGUNAS 220KV BP1,REAL-DEF,65.70487
2026-04-01,LAGUNILLAS____154,BA S/E LAGUNILLAS 154KV BP1,REAL-DEF,57.824344999999994
2026-04-01,LAGUNILLAS____220,BA S/E LAGUNILLAS 220KV BP1,REAL-DEF,57.508675
2026-04-01,LAHUAYCA2_____066,BA S/E LA HUAYCA II 66KV,REAL-DEF,66.84355
2026-04-01,LAJA__________013,BA S/E LAJA 13.8KV,REAL-DEF,56.152975
2026-04-01,LAJA__________066,BA S/E LAJA 66KV BP1-1,REAL-DEF,56.2629
2026-04-01,LAJA__________220,BA S/E CELULOSA LAJA 220KV BP1,REAL-DEF,55.98293
2026-04-01,LALACKAMA_____033,BA S/E LALACKAMA 33KV B1,REAL-DEF,59.91285499999999
2026-04-01,LALACKAMA_____220,BA TAP OFF LALACKAMA 220KV BP1,REAL-DEF,59.904399999999995
2026-04-01,LAMANGA_______013,BA S/E LA MANGA 66KV,REAL-DEF,58.280945
2026-04-01,LAMANGA_______066,BA S/E LA MANGA 13.2KV,REAL-DEF,58.09492
2026-04-01,LAMISION______023,BA S/E LA MISION B1 23KV,REAL-DEF,57.714425000000006
2026-04-01,LAMISION______066,BA S/E LA MISION B1 66KV,REAL-DEF,57.58759
2026-04-01,LAMPA_________023,BA S/E LAMPA 23KV BP2,REAL-DEF,57.97655
2026-04-01,LAMPA_________220,BA S/E LAMPA 220KV BP1,REAL-DEF,57.917355
2026-04-01,LANGELES______012,,REAL-DEF,59.03066
2026-04-01,LANGELES______044,BA S/E LOS ANGELES 44KV,REAL-DEF,59.05321
2026-04-01,LAPALMA_______013,BA S/E LA PALMA 15KV BP1,REAL-DEF,62.463595
2026-04-01,LAPALMA_______066,BA S/E LA PALMA 66KV BP1,REAL-DEF,62.412865
2026-04-01,LAPORTADA_____023,BA S/E LA PORTADA 23KV BP1,REAL-DEF,62.976564999999994
2026-04-01,LAPORTADA_____110,BA S/E LA PORTADA 110KV BP,REAL-DEF,63.8954
2026-04-01,LARONDA_______013,BA S/E LA RONDA 15KV,REAL-DEF,59.628185
2026-04-01,LARONDA_______066,BA S/E LA RONDA 66KV,REAL-DEF,60.828865
2026-04-01,LARQUI________023,BA S/E LARQUI 23KV BP1,REAL-DEF,58.59098
2026-04-01,LARQUI________066,BA S/E LARQUI 66KV BP1,REAL-DEF,58.63326
2026-04-01,LASANA________033,BA S/E LASANA 33KV BP,REAL-DEF,60.06224
2026-04-01,LASANA________220,BA S/E LASANA 220KV BT,REAL-DEF,61.849165
2026-04-01,LASARANAS_____013,BA S/E LAS ARAÑAS 13.2KV,REAL-DEF,56.91115
2026-04-01,LASARANAS_____066,BA S/E LAS ARAÑAS 66KV BP1,REAL-DEF,56.91679
2026-04-01,LASARANAS_____110,BA S/E LAS ARAÑAS 110KV BP1,REAL-DEF,56.17646
2026-04-01,LASENCINAS____015,BA S/E LAS ENCINAS 15KV B2,REAL-DEF,58.42186999999999
2026-04-01,LASENCINAS____066,BA S/E LAS ENCINAS 66KV,REAL-DEF,58.258395
2026-04-01,LASJUNTAS_____023,BA S/E LAS JUNTAS 23KV,REAL-DEF,54.79164
2026-04-01,LASJUNTAS_____220,BA S/E LAS JUNTAS 220KV,REAL-DEF,54.89311
2026-04-01,LASRUMPAS_____110,,REAL-DEF,61.65187
2026-04-01,LASTARRIA_____066,BA S/E LASTARRIA 66 KV BP1,REAL-DEF,56.696945
2026-04-01,LASTARRIA_____220,BA S/E LASTARRIA 220 KV BP1,REAL-DEF,56.773044999999996
2026-04-01,LASTORTOLAS___220,BA S/E LAS TORTOLAS 220KV BP1-1,REAL-DEF,57.72288
2026-04-01,LAS_ACACIAS___013,,REAL-DEF,59.033485
2026-04-01,LAS_ACACIAS___110,BA S/E LAS ACACIAS 110KV BP1,REAL-DEF,58.9292
2026-04-01,LAS_PIEDRAS___023,BA S/E CENTRAL LAS PIEDRAS 23KV BP1,REAL-DEF,60.155245
2026-04-01,LAS_PIEDRAS___110,,REAL-DEF,60.155245
2026-04-01,LAS_VIOLETAS__023,BA S/E LAS VIOLETAS 23KV BP1,REAL-DEF,62.694715
2026-04-01,LAS_VIOLETAS__066,BA S/E LAS VIOLETAS 66KV BP1,REAL-DEF,62.63834
2026-04-01,LATORRE_______013,BA S/E LATORRE 15KV C1,REAL-DEF,58.93484
2026-04-01,LATORRE_______066,BA S/E LATORRE 66KV B1,REAL-DEF,58.87847
2026-04-01,LAUTARO_______013,BA S/E LAUTARO 13.2KV BP1,REAL-DEF,56.13888
2026-04-01,LAUTARO_______023,BA S/E LAUTARO 23KV,REAL-DEF,55.6541
2026-04-01,LAUTARO_______066,BA S/E LAUTARO 66KV B1,REAL-DEF,56.13888
2026-04-01,LAVEGA________013,,REAL-DEF,67.880755
2026-04-01,LAVEGA________066,BA S/E LA VEGA 66KV,REAL-DEF,67.841295
2026-04-01,LA_CABANA_____033,BA S/E LA CABAÑA 33kV BP1,REAL-DEF,53.21892
2026-04-01,LA_CABANA_____220,,REAL-DEF,53.486675000000005
2026-04-01,LA_CALERA_____013,BA S/E LA CALERA 12KV BP2,REAL-DEF,58.00660666666667
2026-04-01,LA_CALERA_____044,BA S/E LA CALERA 44kV BP1,REAL-DEF,58.50079
2026-04-01,LA_CALERA_____110,BA S/E LA CALERA 110KV BP1,REAL-DEF,57.922995
2026-04-01,LA_CEBADA_____220,BA S/E CENTRAL LA CEBADA 220KV BP1,REAL-DEF,58.20203
2026-04-01,LA_CISTERNA___013,BA S/E LA CISTERNA 12KV BA1,REAL-DEF,59.30406
2026-04-01,LA_CISTERNA___110,BA S/E LA CISTERNA 110KV BP1,REAL-DEF,59.20823
2026-04-01,LA_DEHESA_____013,BA S/E LA DEHESA 12KV BA1,REAL-DEF,58.616344999999995
2026-04-01,LA_DEHESA_____023,BA S/E LA DEHESA 23KV BA3,REAL-DEF,58.59098
2026-04-01,LA_DEHESA_____110,BA S/E LA DEHESA 110KV BP2,REAL-DEF,58.56561
2026-04-01,LA_ESTRELLA___110,BA S/E LA ESTRELLA 110KV BP1,REAL-DEF,55.062214999999995
2026-04-01,LA_MINA_______066,BA S/E MINA 66KV B1,REAL-DEF,56.84351
2026-04-01,LA_PINTANA2___013,BA S/E LA PINTANA 12KV BP2,REAL-DEF,59.504175000000004
2026-04-01,LA_PINTANA____013,BA S/E LA PINTANA 12KV BP1,REAL-DEF,59.35761
2026-04-01,LA_PINTANA____110,BA S/E LA PINTANA 110KV BP1,REAL-DEF,59.329425
2026-04-01,LA_POLVORA____110,BA S/E LA POLVORA 110KV BP1,REAL-DEF,56.770224999999996
2026-04-01,LA_POLVORA____220,BA S/E LA POLVORA 220KV BP1,REAL-DEF,56.87732666666667
2026-04-01,LA_REINA______013,BA S/E LA REINA 12KV BP1,REAL-DEF,59.405525
2026-04-01,LA_REINA______110,BA S/E LA REINA 110KV BP1,REAL-DEF,59.280570000000004
2026-04-01,LA_RUCA_______110,BA S/E LA RUCA 110 KV BP1,REAL-DEF,62.415679999999995
2026-04-01,LEBU2_________013,,REAL-DEF,57.711603333333336
2026-04-01,LEBU__________013,BA S/E LEBU 13.2KV,REAL-DEF,57.784885
2026-04-01,LEBU__________066,BA S/E LEBU 66KV,REAL-DEF,57.784885
2026-04-01,LEYDA_________013,BA S/E LEYDA 13.2KV,REAL-DEF,58.717815
2026-04-01,LEYDA_________110,BA S/E LEYDA 110KV BP1,REAL-DEF,58.633255000000005
2026-04-01,LICANCO_______013,,REAL-DEF,57.956815
2026-04-01,LICANCO_______066,BA S/E LICANCO 66KV,REAL-DEF,57.86192333333333
2026-04-01,LICANTEN______013,BA S/E LICANTEN 13.2KV,REAL-DEF,71.71391333333334
2026-04-01,LICANTEN______066,BA S/E LICANTEN 66KV,REAL-DEF,71.77592
2026-04-01,LICAN_________013,BA S/E CENTRAL LICAN 13.2KV,REAL-DEF,53.38521
2026-04-01,LIHUEIMO______013,BA S/E LIHUEIMO 13.2KV BP2 [EN_REVISION],REAL-DEF,63.55341333333333
2026-04-01,LIHUEIMO______066,BA S/E LIHUEIMO 66KV BP1,REAL-DEF,63.358
2026-04-01,LIN.NORTE_____013,BA S/E LINARES NORTE 13.2kV BP1,REAL-DEF,61.006434999999996
2026-04-01,LIN.NORTE_____066,BA S/E LINARES NORTE 66kV BP1,REAL-DEF,60.40609
2026-04-01,LINARES_______013,BA S/E LINARES 13.8KV [NO_MOSTRAR],REAL-DEF,60.307445
2026-04-01,LINARES_______066,BA S/E LINARES 66KV BP1,REAL-DEF,60.03123
2026-04-01,LINARES_______154,BA S/E LINARES 154KV BP1,REAL-DEF,59.45344
2026-04-01,LIQCAU1_______220,BA S/E LIQCAU 220kV BP1,REAL-DEF,61.89426
2026-04-01,LIQCAU2_______220,BA S/E LIQCAU 220kV BP2,REAL-DEF,61.89426
2026-04-01,LIQCAU________110,BA S/E LIQCAU A 110kV BP1,REAL-DEF,62.19866
2026-04-01,LIRCAY________066,BA S/E CENTRAL LIRCAY 66KV,REAL-DEF,58.864374999999995
2026-04-01,LIRQUEN_______015,BA S/E LIRQUEN 15KV BP1,REAL-DEF,59.864943333333336
2026-04-01,LIRQUEN_______066,BA S/E LIRQUEN 66KV,REAL-DEF,59.763475
2026-04-01,LITORAL_CTL___066,BA S/E LITORAL CENTRAL 66KV BP1,REAL-DEF,57.9089
2026-04-01,LLAIMA________023,BA S/E LLAIMA 23KV BP1,REAL-DEF,56.649035
2026-04-01,LLAIMA________066,BA S/E LLAIMA 66KV BP1,REAL-DEF,56.29108
2026-04-01,LLANBLANCOS___023,BA S/E C.R. LLANOS BLANCOS 23KV B1,REAL-DEF,59.25051
2026-04-01,LLANBLANCOS___220,BA S/E C.R. LLANOS BLANCOS 220KV BP,REAL-DEF,59.010935
2026-04-01,LLANOLLAMPOS__220,BA S/E SECCIONADORA LLANO DE LLAMPOS 220KV BP1,REAL-DEF,59.88467
2026-04-01,LLANOS________066,,REAL-DEF,58.503605
2026-04-01,LLANOS________220,,REAL-DEF,61.58141
2026-04-01,LLANQUIHUE____066,BA S/E LLANQUIHUE 66KV BP1,REAL-DEF,58.14566
2026-04-01,LLANQUIHUE____220,,REAL-DEF,58.154115000000004
2026-04-01,LLANTA________110,,REAL-DEF,60.840140000000005
2026-04-01,LLAYLLAY______110,,REAL-DEF,57.782070000000004
2026-04-01,LOA___________023,BA S/E EL LOA 23KV,REAL-DEF,60.48783
2026-04-01,LOA___________220,BA S/E EL LOA 220KV [NO_MOSTRAR],REAL-DEF,60.48783
2026-04-01,LOMACOLORADOS_023,,REAL-DEF,58.016
2026-04-01,LOMACOLORADOS_110,BA S/E CENTRAL LOMA LOS COLORADOS 110KV BP1,REAL-DEF,58.13156
2026-04-01,LOMA_ALTA_____013,,REAL-DEF,56.618025
2026-04-01,LOMA_ALTA_____220,BA S/E LOMA ALTA 220KV BP1,REAL-DEF,56.880145
2026-04-01,LOMIRANDA_____013,BA S/E LO MIRANDA 15KV BP1,REAL-DEF,62.5256
2026-04-01,LOMIRANDA_____066,BA S/E LO MIRANDA 66KV BP1,REAL-DEF,62.26254666666667
2026-04-01,LONCOCHE2_____013,,REAL-DEF,56.99007
2026-04-01,LONCOCHE______013,BA S/E LONCOCHE 13.2KV,REAL-DEF,57.052080000000004
2026-04-01,LONCOCHE______066,BA S/E LONCOCHE 66KV,REAL-DEF,56.82096
2026-04-01,LONGAVI_______013,BA S/E LONGAVI 13.2kV BP1,REAL-DEF,61.20373
2026-04-01,LONGAVI_______066,BA S/E LONGAVI 66kV BP1,REAL-DEF,61.152053333333335
2026-04-01,LORD_COCHRANE_012,BA S/E LORD COCHRANE 12KV BP1,REAL-DEF,59.00248
2026-04-01,LORETO________015,BA S/E LORETO 15KV BP1,REAL-DEF,63.328875
2026-04-01,LORETO________066,BA S/E LORETO 66KV BP1,REAL-DEF,63.2866
2026-04-01,LOS_ANDES_____044,BA S/E LOS ANDES (FFCC) 44kV BP1,REAL-DEF,59.182865
2026-04-01,LOS_DOMINICOS_013,BA S/E LOS DOMINICOS 12KV BP1,REAL-DEF,58.951745
2026-04-01,LOS_DOMINICOS_110,BA S/E LOS DOMINICOS 110KV BP1,REAL-DEF,58.88974
2026-04-01,LOS_HIERROS___006,BA S/E CENTRAL LOS HIERROS 6.6KV,REAL-DEF,56.944975
2026-04-01,LOS_HIERROS___110,BA S/E LOS HIERROS 110KV [NO_MOSTRAR],REAL-DEF,56.944975
2026-04-01,LOS_HIERR_2___006,BA S/E CENTRAL LOS HIERROS II 6.6kV,REAL-DEF,56.944975
2026-04-01,LOS_HIERR_2___110,BA S/E LOS HIERROS II 110KV [No_mostrar],REAL-DEF,56.944975
2026-04-01,LOS_MAQUIS____013,BA S/E LOS MAQUIS (CGE) 15KV [NO_MOSTRAR],REAL-DEF,61.3362
2026-04-01,LOS_MAQUIS____066,BA S/E LOS MAQUIS (CGE) 66KV BS1,REAL-DEF,61.28922333333333
2026-04-01,LOS_NOTROS____220,BA S/E LOS NOTROS 220KV BP1,REAL-DEF,55.0904
2026-04-01,LOS_PEUMOS____066,BA S/E LOS PEUMOS 66KV BP1,REAL-DEF,56.21216
2026-04-01,LOS_PEUMOS____220,BA S/E LOS PEUMOS 220KV BP1,REAL-DEF,56.124790000000004
2026-04-01,LOS_POETAS____066,BA S/E LOS POETAS 66KV BP1,REAL-DEF,58.30349
2026-04-01,LOS_SAUCES____023,BA S/E LOS SAUCES 23KV PRINCIPAL,REAL-DEF,54.56052
2026-04-01,LOS_SAUCES____066,BA S/E LOS SAUCES 66KV,REAL-DEF,54.611255
2026-04-01,LOS_TAMBORES__013,BA S/E LOS TAMBORES 13.2kV BP1,REAL-DEF,58.73754
2026-04-01,LOS_TAMBORES__066,BA S/E LOS TAMBORES 66KV [NO_MOSTRAR],REAL-DEF,58.60225
2026-04-01,LOS_VARONES___066,BA S/E LOS VARONES 66 KV BP1,REAL-DEF,54.14339
2026-04-01,LOS_VARONES___220,BA S/E LOS VARONES 220 KV BP1,REAL-DEF,55.97541
2026-04-01,LOTA__________013,BA S/E LOTA 13.2KV B1,REAL-DEF,58.8127
2026-04-01,LOTA__________066,BA S/E LOTA 66KV BP,REAL-DEF,58.762905
2026-04-01,LO_AGUIRRE____012,BA S/E LO AGUIRRE 12KV BP1,REAL-DEF,59.58309
2026-04-01,LO_AGUIRRE____110,BA S/E LO AGUIRRE 110KV BP1 [NO_MOSTRAR],REAL-DEF,59.408339999999995
2026-04-01,LO_AGUIRRE____220,BA S/E SECCIONADORA LO AGUIRRE 230KV BP1,REAL-DEF,58.19357
2026-04-01,LO_AGUIRRE____500,BA S/E SECCIONADORA LO AGUIRRE 525KV BP1,REAL-DEF,57.985
2026-04-01,LO_BOZA_______013,BA S/E LO BOZA 12.5KV BP1,REAL-DEF,59.14904
2026-04-01,LO_BOZA_______023,BA S/E LO BOZA 23KV BP3,REAL-DEF,59.08703
2026-04-01,LO_BOZA_______110,BA S/E LO BOZA 110KV BP1,REAL-DEF,58.946110000000004
2026-04-01,LO_ESPEJO_____110,BA S/E LO ESPEJO (FFCC) 110KV,REAL-DEF,58.99966
2026-04-01,LO_PRADO______012,BA S/E LO PRADO 12KV BP1,REAL-DEF,59.57745
2026-04-01,LO_PRADO______044,BA S/E LO PRADO 44KV BP1,REAL-DEF,59.6
2026-04-01,LO_PRADO______110,BA S/E LO PRADO 110KV BP1 [NO_MOSTRAR],REAL-DEF,59.40082666666666
2026-04-01,LO_VALLEDOR___013,BA S/E LO VALLEDOR 12KV BP1,REAL-DEF,59.26742
2026-04-01,LO_VALLEDOR___110,BA S/E LO VALLEDOR 110KV BP1,REAL-DEF,59.15843666666666
2026-04-01,LSECA_________220,BA S/E LAGUNA SECA 220KV BP,REAL-DEF,63.00475
2026-04-01,LUCERO________066,BA S/E LUCERO 66kV BP1,REAL-DEF,58.09492
2026-04-01,M.BLANCOS_____006,BA S/E MANTOS BLANCOS 6.3KV,REAL-DEF,54.481606666666664
2026-04-01,M.BLANCOS_____023,BA S/E MANTOS BLANCOS 23KV,REAL-DEF,59.98895
2026-04-01,M.BLANCOS_____220,BA S/E MANTOS BLANCOS 220KV BP1,REAL-DEF,60.735855
2026-04-01,M.DEVELASCO___013,BA S/E MANSO DE VELASCO 15KV,REAL-DEF,56.57293
2026-04-01,M.DEVELASCO___066,BA S/E MANSO DE VELASCO 66KV,REAL-DEF,56.372820000000004
2026-04-01,M.DOLORES_____220,,REAL-DEF,55.809115
2026-04-01,M.ELENA_______023,BA S/E MARIA ELENA 22KV,REAL-DEF,60.78377
2026-04-01,M.ELENA_______220,BA S/E MARIA ELENA 220KV BP1,REAL-DEF,60.697336666666665
2026-04-01,M.MELADO______154,,REAL-DEF,53.388025
2026-04-01,M.PATRIA______013,BA S/E MONTE PATRIA 13.2KV,REAL-DEF,63.886
2026-04-01,M.PATRIA______023,BA S/E MONTE PATRIA 23KV,REAL-DEF,60.22571
2026-04-01,M.PATRIA______066,BA S/E MONTE PATRIA 66KV,REAL-DEF,63.71125333333333
2026-04-01,M.V.CEN.______154,BA S/E MINERA VALLE CENTRAL 154KV BP1,REAL-DEF,59.744683333333334
2026-04-01,MACHALI_______066,BA S/E MACHALI 66KV BP1,REAL-DEF,62.42978
2026-04-01,MACUL_________013,BA S/E MACUL 12.5KV BP3,REAL-DEF,59.52108
2026-04-01,MACUL_________020,BA S/E MACUL 20.4KV BP6,REAL-DEF,59.48726
2026-04-01,MACUL_________110,BA S/E MACUL 110KV BP1,REAL-DEF,59.48726
2026-04-01,MAESTRANZA____013,,REAL-DEF,62.02578666666667
2026-04-01,MAESTRANZA____066,BA TAP MAESTRANZA 66KV,REAL-DEF,61.849165
2026-04-01,MAGNETITA_____110,BA S/E MAGNETITA 110KV BP1,REAL-DEF,61.868895
2026-04-01,MAHNS_________015,BA S/E MAHNS 15KV BP1,REAL-DEF,60.88524
2026-04-01,MAHNS_________066,BA S/E MAHNS 66KV BP1,REAL-DEF,60.930335
2026-04-01,MAIPO_________110,BA S/E MAIPO 110KV [NO_MOSTRAR],REAL-DEF,58.18511
2026-04-01,MAIPO_________220,BA S/E MAIPO 220KV [NO_MOSTRAR],REAL-DEF,58.39932
2026-04-01,MAIPU_________013,BA S/E MAIPU 12KV BP1,REAL-DEF,59.04476
2026-04-01,MAIPU_________110,BA S/E MAIPU 110KV BP1,REAL-DEF,58.934835
2026-04-01,MAITENCILLO___110,BA S/E MAITENCILLO 110KV BP1-1,REAL-DEF,58.0611
2026-04-01,MAITENCILLO___220,BA S/E MAITENCILLO 220KV BP1-1,REAL-DEF,58.373955
2026-04-01,MAITENES______020,BA S/E PARQUE EOLICO EL MAITEN 23KV B1,REAL-DEF,58.44442
2026-04-01,MAITENES______110,BA S/E CENTRAL MAITENES 110KV BP1,REAL-DEF,58.44442
2026-04-01,MALLOA________013,BA S/E MALLOA 15KV BP1,REAL-DEF,59.97768
2026-04-01,MALLOA________066,BA S/E MALLOA 66KV BP1,REAL-DEF,58.957385
2026-04-01,MALLOA________154,BA S/E MALLOA NUEVA 154KV BP1-1,REAL-DEF,59.45908
2026-04-01,MALLOCO_______013,BA S/E MALLOCO 12KV BP1,REAL-DEF,60.733035
2026-04-01,MALLOCO_______110,BA S/E MALLOCO 110KV BP1,REAL-DEF,60.50756
2026-04-01,MAMPIL________220,BA S/E CENTRAL MAMPIL 220 KV BP1,REAL-DEF,55.735835
2026-04-01,MANDINGA______013,BA S/E MANDINGA 13.2KV,REAL-DEF,59.87621
2026-04-01,MANDINGA______066,BA S/E MANDINGA 66KV,REAL-DEF,59.56618
2026-04-01,MANQUEHUE_____066,,REAL-DEF,65.79224500000001
2026-04-01,MANTILHUE_____110,BA S/E MANTILHUE 110KV BP1,REAL-DEF,55.15241
2026-04-01,MAPAL_________154,BA S/E MAPAL 154KV BP [NO_MOSTRAR],REAL-DEF,57.92299
2026-04-01,MARBELLA______013,BA S/E MARBELLA 13.2KV BP1,REAL-DEF,60.08854
2026-04-01,MARBELLA______110,BA S/E MARBELLA 110KV BP1,REAL-DEF,59.89313
2026-04-01,MARCHIHUE_____013,BA S/E MARCHIGÜE 13.2KV BP1,REAL-DEF,59.02221
2026-04-01,MARCHIHUE_____066,BA S/E MARCHIGÜE 66KV BP1,REAL-DEF,58.96678
2026-04-01,MARGA_MARGA___013,BA S/E MARGA MARGA 13.2KV BP1,REAL-DEF,56.840689999999995
2026-04-01,MARGA_MARGA___110,BA S/E MARGA MARGA 110KV BP1-1,REAL-DEF,56.795595000000006
2026-04-01,MARIQUINA_____023,BA S/E MARIQUINA 23KV,REAL-DEF,57.2381
2026-04-01,MARIQUINA_____220,,REAL-DEF,57.15636
2026-04-01,MARISCAL______023,BA S/E MARISCAL 23 kV BP2A,REAL-DEF,59.526725
2026-04-01,MARISCAL______110,BA S/E MARISCAL 110 kV BP1,REAL-DEF,59.44404
2026-04-01,MARQUESA______023,BA S/E MARQUESA 23KV,REAL-DEF,67.39878999999999
2026-04-01,MARQUESA______066,BA S/E MARQUESA 66KV,REAL-DEF,67.06151
2026-04-01,MASISA________066,BA S/E MASISA 66KV BP1,REAL-DEF,57.5425
2026-04-01,MATILLA_______220,BA S/E MATILLA 220KV BP1 (GIS),REAL-DEF,65.70487
2026-04-01,MAULE_________015,BA S/E MAULE 15KV,REAL-DEF,59.515445
2026-04-01,MAULE_________066,BA S/E MAULE 66KV BP1,REAL-DEF,59.475984999999994
2026-04-01,MAULE_________154,BA S/E MAULE 154KV BP1,REAL-DEF,58.34107333333333
2026-04-01,MAULE_________220,,REAL-DEF,58.027275
2026-04-01,MAYACA________013,BA S/E MAYACA 13.2kV BT,REAL-DEF,57.33956
2026-04-01,MAYACA________110,BA S/E MAYACA 110kV BP1,REAL-DEF,57.333925
2026-04-01,MEDELLIN______023,,REAL-DEF,56.75332
2026-04-01,MEDELLIN______220,BA S/E CENTRAL TERMOPACIFICO 220KV BP1,REAL-DEF,56.75332
2026-04-01,MEJILLONES____013,BA S/E MEJILLONES 13.8KV,REAL-DEF,59.73905
2026-04-01,MEJILLONES____023,BA S/E MEJILLONES 23KV [NO_MOSTRAR],REAL-DEF,60.251075
2026-04-01,MEJILLONES____110,BA S/E MEJILLONES 110KV BP,REAL-DEF,60.2398
2026-04-01,MEJILLONES____220,BA S/E MEJILLONES 220KV BP,REAL-DEF,60.16652
2026-04-01,MELIPEUCO_____023,BA S/E MELIPEUCO 23KV,REAL-DEF,56.0346
2026-04-01,MELIPEUCO_____110,,REAL-DEF,56.306113333333336
2026-04-01,MELIPILLA_____013,BA S/E BAJO MELIPILLA 13.2KV BP1,REAL-DEF,58.34859
2026-04-01,MELIPILLA_____066,BA S/E BAJO MELIPILLA 66KV,REAL-DEF,58.71499
2026-04-01,MELIPILLA_____110,BA S/E BAJO MELIPILLA 110KV BP1,REAL-DEF,58.03479333333333
2026-04-01,MELIPULLI_____023,BA S/E MELIPULLI 23KV,REAL-DEF,58.29785
2026-04-01,MELIPULLI_____066,BA S/E MELIPULLI 66KV,REAL-DEF,58.616344999999995
2026-04-01,MELIPULLI_____110,BA S/E MELIPULLI 110KV BP1,REAL-DEF,58.943295
2026-04-01,MELIPULLI_____220,BA S/E MELIPULLI 220KV B1 [No_Mostrar],REAL-DEF,58.45005
2026-04-01,METRENCO______066,BA S/E METRENCO (FFCC) 66KV,REAL-DEF,58.447235
2026-04-01,METRO_________020,BA S/E METRO 20KV A1 [NO_MOSTRAR],REAL-DEF,58.87283
2026-04-01,METRO_________110,BA S/E METRO BARRA 110KV BP1,REAL-DEF,58.87283
2026-04-01,MINERO________110,BA S/E MINERO 115KV BP1,REAL-DEF,58.903835
2026-04-01,MINERO________220,BA S/E MINERO 220KV BP1,REAL-DEF,58.72627
2026-04-01,MININCO_______220,,REAL-DEF,55.33561
2026-04-01,MINSAL________110,BA S/E MINSAL 110KV BP1,REAL-DEF,61.59832
2026-04-01,MIRAFLORES2___013,BA S/E MIRAFLORES 12KV BP2,REAL-DEF,56.837869999999995
2026-04-01,MIRAFLORES____013,BA S/E MIRAFLORES 12KV BP1,REAL-DEF,56.784319999999994
2026-04-01,MIRAFLORES____110,BA S/E MIRAFLORES 110KV BP1,REAL-DEF,56.73828666666666
2026-04-01,MIRAJE________220,NODO MIRAJE 220KV-CONEXION MIRAJE-ENCUENTRO. CIRCUITO N1 [NO_MOSTRAR],REAL-DEF,61.068439999999995
2026-04-01,MMH___________220,BA S/E MMH 220KV BP1,REAL-DEF,61.90553
2026-04-01,MOCHO_________023,BA S/E CENTRAL MOCHO 23KV BP1,REAL-DEF,54.14902
2026-04-01,MOCHO_________110,,REAL-DEF,54.757819999999995
2026-04-01,MOLINA________013,BA S/E MOLINA 15KV BT1,REAL-DEF,58.88974
2026-04-01,MOLINA________066,BA S/E MOLINA 66KV BP1,REAL-DEF,58.60225
2026-04-01,MOLINOS_______110,BA S/E LOS MOLINOS 110KV BP1,REAL-DEF,59.44217
2026-04-01,MOLLES________066,BA S/E LOS MOLLES 66KV SECCION 1,REAL-DEF,62.736995
2026-04-01,MOLYCOP_______220,BA S/E MOLYCOP 220KV [NO_MOSTRAR],REAL-DEF,60.146789999999996
2026-04-01,MONTENEGRO____013,"BA S/E MONTENEGRO 13,2KV BP1",REAL-DEF,57.60638333333333
2026-04-01,MONTENEGRO____066,BA S/E MONTENEGRO 66KV BP1,REAL-DEF,57.64396
2026-04-01,MONTENEGRO____154,BA S/E MONTENEGRO 154KV BP1,REAL-DEF,57.25501
2026-04-01,MONTERRICO____013,"BA S/E MONTERRICO 13,8kV BP1 [EN_REVISION]",REAL-DEF,51.93932
2026-04-01,MONTERRICO____066,BA S/E MONTERRICO 66KV BP1,REAL-DEF,57.796165
2026-04-01,MONTERRICO____154,BA S/E MONTERRICO 154kV BA,REAL-DEF,57.796165
2026-04-01,MONTE_MINA1___220,BA S/E MONTE MINA 220kV BP1,REAL-DEF,61.78716
2026-04-01,MONTE_MINA2___220,BA S/E MONTE MINA 220kV BP2,REAL-DEF,60.933155
2026-04-01,MULCHEN_______220,BA S/E MULCHEN 220KV BP1-1,REAL-DEF,54.901565000000005
2026-04-01,N.CARDONES____220,BA S/E NUEVA CARDONES 220KV BP1,REAL-DEF,59.88185
2026-04-01,N.CARDONES____500,BA S/E NUEVA CARDONES 500KV BP1,REAL-DEF,59.219505
2026-04-01,N.MAITENCILLO_220,BA S/E NUEVA MAITENCILLO 220KV BP1,REAL-DEF,58.282819999999994
2026-04-01,N.MAITENCILLO_500,BA S/E NUEVA MAITENCILLO 500KV BP1,REAL-DEF,58.7009
2026-04-01,N.P.AZUCAR____220,BA S/E NUEVA PAN DE AZUCAR 220KV BPA,REAL-DEF,58.58534
2026-04-01,N.P.AZUCAR____500,BA S/E NUEVA PAN DE AZUCAR 500KV BPA,REAL-DEF,58.72063
2026-04-01,N.PICHIRROPUL_066,,REAL-DEF,57.655235
2026-04-01,N.PICHIRROPUL_220,BA S/E NUEVA PICHIRROPULLI 220KV BP1,REAL-DEF,57.635505
2026-04-01,N.POZOALMONTE_220,BA S/E POZO ALMONTE 220KV BT1,REAL-DEF,64.067325
2026-04-01,N.VICTORIA____220,,REAL-DEF,63.89821
2026-04-01,N.ZALDIVAR____220,BA S/E NUEVA ZALDIVAR 220KV BP1,REAL-DEF,61.93372
2026-04-01,NACIMIENTO____220,,REAL-DEF,55.34407
2026-04-01,NAHUELBUTA____013,BA S/E NAHUELBUTA 13.2KV BP1,REAL-DEF,52.996255000000005
2026-04-01,NAHUELBUTA____023,BA S/E NAHUELBUTA 23KV BP1,REAL-DEF,51.22342
2026-04-01,NAHUELBUTA____066,BA S/E NAHUELBUTA 66KV BP1,REAL-DEF,52.89197
2026-04-01,NALCAS________023,BA S/E CENTRAL NALCAS 23kV BP1,REAL-DEF,55.141135
2026-04-01,NANCAGUA______013,BA S/E NANCAGUA 13.2KV BP1,REAL-DEF,61.332436666666666
2026-04-01,NANCAGUA______066,BA S/E NANCAGUA 66KV BP1,REAL-DEF,61.2911
2026-04-01,NECSA_________066,,REAL-DEF,63.38243
2026-04-01,NEGRA_________023,BA S/E TAP OFF LA NEGRA 23KV BP1,REAL-DEF,62.37904
2026-04-01,NEGRA_________110,BA S/E TAP OFF LA NEGRA 110KV BP1,REAL-DEF,61.07877666666667
2026-04-01,NEGRETE_______023,BA S/E NEGRETE 23KV B1,REAL-DEF,53.72343
2026-04-01,NEGRETE_______066,BA S/E NEGRETE 66KV B1 [NO_MOSTRAR],REAL-DEF,53.881265
2026-04-01,NEPTUNO_______220,,REAL-DEF,58.39368
2026-04-01,NIQUEN________066,BA S/E NIQUEN (FFCC) 66KV,REAL-DEF,61.29674
2026-04-01,NIRIVILO______023,BA S/E NIRIVILO 23KV B1,REAL-DEF,56.07875666666666
2026-04-01,NIRIVILO______066,BA S/E NIRIVILO 66KV,REAL-DEF,56.039296666666665
2026-04-01,NOGALES_______220,BA S/E NOGALES 220KV BP1,REAL-DEF,56.7815
2026-04-01,NORGENER______220,BA S/E NORGENER 220KV BP1,REAL-DEF,61.04589
2026-04-01,NPANQUEHUE____013,BA S/E NUEVA PANQUEHUE 12kV BP1,REAL-DEF,57.3903
2026-04-01,NPANQUEHUE____110,BA S/E NUEVA PANQUEHUE 110kV BP1,REAL-DEF,57.3903
2026-04-01,NUEVAVENTANAS_220,BA S/E NUEVA VENTANAS 220KV BP1,REAL-DEF,56.57293
2026-04-01,NUEVA_CHUQUI__220,BA S/E NUEVA CHUQUICAMATA 220KV BP1,REAL-DEF,62.90892
2026-04-01,NUEVA_GUINDO__066,,REAL-DEF,59.88749
2026-04-01,NUEVA_GUINDO__220,,REAL-DEF,57.565045
2026-04-01,NVALAMPA______220,BA S/E NUEVA LAMPA 220KV BP1,REAL-DEF,57.920175
2026-04-01,NVA_ALDEA3____015,BA S/E NUEVA ALDEA 15KV,REAL-DEF,53.29784
2026-04-01,NVA_ANCUD_____220,BA S/E NUEVA ANCUD 220KV B1,REAL-DEF,59.81984
2026-04-01,NVA_P.MONTT___220,,REAL-DEF,58.094925
2026-04-01,OASIS_________220,,REAL-DEF,61.84635
2026-04-01,OCHAGAVIA_____012,BA S/E OCHAGAVIA 12KV BP1,REAL-DEF,59.41022666666667
2026-04-01,OCHAGAVIA_____110,BA S/E OCHAGAVIA 110KV BP1,REAL-DEF,59.39143
2026-04-01,OESTE_________110,BA S/E TAP OFF OESTE 110KV [NO_MOSTRAR],REAL-DEF,60.845775
2026-04-01,OESTE_________220,BA S/E TAP OFF OESTE 220KV BP1,REAL-DEF,61.55604
2026-04-01,OGP1__________220,BA S/E OGP1 220KV BP1,REAL-DEF,63.52899
2026-04-01,OHIGGINS______220,BA S/E O'HIGGINS 220KV BP1,REAL-DEF,60.761224999999996
2026-04-01,OSORNO________013,BA S/E OSORNO 13.8KV [NO_MOSTRAR],REAL-DEF,57.49176
2026-04-01,OSORNO________066,BA S/E OSORNO 66KV BP1,REAL-DEF,57.49176
2026-04-01,OVALLE________013,BA S/E OVALLE 13KV [No_Mostrar],REAL-DEF,63.67931000000001
2026-04-01,OVALLE________023,BA S/E OVALLE 23KV BP1,REAL-DEF,63.68870666666667
2026-04-01,OVALLE________066,BA S/E OVALLE 66KV,REAL-DEF,63.5102
2026-04-01,OVALLE________110,BA S/E OVALLE 220KV BP1 [NO_MOSTRAR],REAL-DEF,63.30633
2026-04-01,OXIDOS________110,BA S/E PLANTA OXIDO 33KV,REAL-DEF,64.461915
2026-04-01,OXY___________154,BA S/E OXY 154KV BP1,REAL-DEF,58.07801
2026-04-01,P.ALMONTE1____013,,REAL-DEF,56.05997
2026-04-01,P.ALMONTE2____013,BA S/E POZO ALMONTE 13.8KV-AUTOTRAFO Nº2,REAL-DEF,65.77815
2026-04-01,P.ALMONTE_____023,BA S/E POZO ALMONTE 23KV,REAL-DEF,51.214965
2026-04-01,P.ALMONTE_____066,BA S/E POZO ALMONTE 66KV,REAL-DEF,64.027865
2026-04-01,P.ALMONTE_____110,BA S/E POZO ALMONTE 110KV BP1,REAL-DEF,64.02223000000001
2026-04-01,P.ALMONTE_____220,BA S/E POZO ALMONTE 220KV BP1,REAL-DEF,65.73306
2026-04-01,P.ALTO________013,BA S/E PUENTE ALTO (TEC) 12KV B1,REAL-DEF,59.707105
2026-04-01,P.ALTO________110,BA S/E PUENTE ALTO 110KV BP1,REAL-DEF,59.67140666666666
2026-04-01,P.ANCHA_______013,BA S/E PLAYA ANCHA 12kV BP1,REAL-DEF,56.88860666666667
2026-04-01,P.ANCHA_______110,BA S/E PLAYA ANCHA 110kV BP1,REAL-DEF,56.843505
2026-04-01,P.AZUCAR______013,BA S/E PAN DE AZUCAR 13.2KV BP1,REAL-DEF,59.17723
2026-04-01,P.AZUCAR______066,BA S/E PAN DE AZUCAR 66KV PRINCIPAL,REAL-DEF,59.81139
2026-04-01,P.AZUCAR______110,BA S/E PAN DE AZUCAR 110KV BP1,REAL-DEF,58.94611
2026-04-01,P.AZUCAR______220,BA S/E PAN DE AZUCAR 220KV BP1,REAL-DEF,58.745995
2026-04-01,P.BARRANCO____220,,REAL-DEF,64.5662
2026-04-01,P.COLORADA____220,BA S/E PUNTA COLORADA 220KV BP1,REAL-DEF,58.62855666666667
2026-04-01,P.CORTES1_____154,BA S/E PUNTA DE CORTES 154KV BP2 [NO_MOSTRAR],REAL-DEF,60.084785
2026-04-01,P.CORTES2_____154,BA S/E PUNTA DE CORTES 154KV BP1 [NO_MOSTRAR],REAL-DEF,60.084785
2026-04-01,P.CORTES______015,BA S/E PUNTA DE CORTES 15KV BP1,REAL-DEF,60.67103
2026-04-01,P.CORTES______066,BA S/E PUNTA DE CORTES 66KV BP1-1,REAL-DEF,60.775315
2026-04-01,P.HURTADO_____023,BA S/E PADRE HURTADO 23KV B1,REAL-DEF,59.20541
2026-04-01,P.HURTADO_____110,,REAL-DEF,59.12086
2026-04-01,P.MONTT_______023,BA S/E PUERTO MONTT (STS) 23KV BP1,REAL-DEF,58.28094
2026-04-01,P.MONTT_______066,,REAL-DEF,63.2415
2026-04-01,P.MONTT_______220,BA S/E PUERTO MONTT 220KV BP2,REAL-DEF,58.275310000000005
2026-04-01,P.VARAS_______013,BA S/E PUERTO VARAS 13.8KV,REAL-DEF,58.841825
2026-04-01,P.VARAS_______023,BA S/E PUERTO VARAS 23KV,REAL-DEF,58.68681
2026-04-01,P.VARAS_______066,BA S/E PUERTO VARAS 66KV,REAL-DEF,58.99684
2026-04-01,PACHACAMA1____110,BA S/E TAP OFF PACHACAMA (CTNG) [No_Mostrar],REAL-DEF,57.38466
2026-04-01,PACHACAMA_____044,,REAL-DEF,58.103375
2026-04-01,PACIFICO______013,BA S/E CELULOSA PACIFICO 13.2KV B1,REAL-DEF,64.54646500000001
2026-04-01,PACIFICO______110,BA S/E PACIFICO 110KV,REAL-DEF,64.50701000000001
2026-04-01,PAILLACO______013,BA S/E PAILLACO 13.8KV,REAL-DEF,58.46133
2026-04-01,PAILLACO______066,BA S/E PAILLACO 66KV,REAL-DEF,58.42187
2026-04-01,PAINE_________066,BA S/E PAINE 66KV BP1,REAL-DEF,59.986135
2026-04-01,PAINE_________154,BA S/E PAINE 154KV BP1,REAL-DEF,59.721195
2026-04-01,PAJARITOS_____013,BA S/E PAJARITOS 12KV BP1,REAL-DEF,59.07012
2026-04-01,PAJARITOS_____023,BA S/E PAJARITOS 23KV BP3,REAL-DEF,59.07576
2026-04-01,PAJARITOS_____110,BA S/E PAJARITOS 110KV BP1,REAL-DEF,59.07294
2026-04-01,PAJONALES_____023,BA S/E CENTRAL PAJONALES B11 23KV,REAL-DEF,58.50642
2026-04-01,PAJONALES_____220,,REAL-DEF,58.50079
2026-04-01,PAJONAL_______023,BA S/E CENTRAL PAJONALES 23KV BP1,REAL-DEF,60.47561666666667
2026-04-01,PAJONAL_______110,,REAL-DEF,59.309695000000005
2026-04-01,PALAFITOS_____013,BA S/E PALAFITOS 13.8KV BP1,REAL-DEF,64.63666
2026-04-01,PALAFITOS_____110,BA S/E PALAFITOS 110KV,REAL-DEF,66.33622
2026-04-01,PALESTINA_____066,,REAL-DEF,62.48051
2026-04-01,PALESTINA_____220,,REAL-DEF,61.58704
2026-04-01,PALLATA_______220,BA S/E PALLATA 220KV BP1 [No_Mostrar],REAL-DEF,61.6716
2026-04-01,PALMAR________110,BA S/E PALMAR 110KV BP1,REAL-DEF,54.37732
2026-04-01,PALMUCHO______013,,REAL-DEF,53.17664
2026-04-01,PALMUCHO______066,,REAL-DEF,53.652965
2026-04-01,PALPANA_______220,BA S/E PALPANA 220 KV BP1,REAL-DEF,62.18738
2026-04-01,PALTO_________006,,REAL-DEF,58.64171
2026-04-01,PALTO_________044,,REAL-DEF,58.64171
2026-04-01,PALTO_________110,BA S/E PUENTE ALTO (CMPC) 110KV BP1,REAL-DEF,57.24374
2026-04-01,PANAMERICANA__012,BA S/E PANAMERICANA 12KV BP1,REAL-DEF,59.33506
2026-04-01,PANGUE________013,BA S/E CENTRAL PANGUE 13.8KV,REAL-DEF,54.29370333333333
2026-04-01,PANGUE________066,BA S/E CENTRAL PANGUE 66KV,REAL-DEF,55.90777
2026-04-01,PANGUE________220,BA S/E CENTRAL PANGUE 220KV [NO_MOSTRAR],REAL-DEF,54.78882
2026-04-01,PANGUILEMO____013,BA S/E PANGUILEMO 15KV,REAL-DEF,62.28885
2026-04-01,PANGUILEMO____066,BA S/E PANGUILEMO 66KV,REAL-DEF,62.201480000000004
2026-04-01,PANGUIPULLI___023,BA S/E PANGUIPULLI 23KV,REAL-DEF,64.62539
2026-04-01,PANGUIPULLI___066,BA S/E PANGUIPULLI 66KV,REAL-DEF,64.588745
2026-04-01,PANIAHUE______013,BA S/E PANIAHUE 13.2KV BP1,REAL-DEF,64.81141
2026-04-01,PANIAHUE______066,BA S/E PANIAHUE 66KV BP1,REAL-DEF,65.02843
2026-04-01,PANIMAVIDA____013,BA S/E PANIMAVIDA 13.2kV BP1,REAL-DEF,59.712745
2026-04-01,PANIMAVIDA____066,BA S/E PANIMAVIDA 66kV BP1,REAL-DEF,59.70147
2026-04-01,PANQUEHUE_____013,BA S/E PANQUEHUE 12kV BP1,REAL-DEF,60.37509
2026-04-01,PANQUEHUE_____044,BA S/E PANQUEHUE 44kV BP1,REAL-DEF,60.324355
2026-04-01,PAPOSO________066,,REAL-DEF,59.58309
2026-04-01,PAPOSO________220,BA S/E PAPOSO 220KV BP1,REAL-DEF,60.112965
2026-04-01,PARAUCO_______066,BA S/E PLANTA ARAUCO 66KV,REAL-DEF,53.16818
2026-04-01,PARAUCO_______220,,REAL-DEF,57.17045
2026-04-01,PARGUA________023,BA S/E PARGUA 23KV BP1,REAL-DEF,60.12424
2026-04-01,PARGUA________110,BA S/E PARGUA 110KV BP1,REAL-DEF,59.83676
2026-04-01,PARGUA________220,BA S/E PARGUA 220KV BP1,REAL-DEF,59.66201
2026-04-01,PARINACOTA____066,BA S/E PARINACOTA 66kV BP1,REAL-DEF,66.86609
2026-04-01,PARINACOTA____220,BA S/E PARINACOTA 220kV BP1,REAL-DEF,64.42151333333334
2026-04-01,PARRAL________013,BA S/E PARRAL 13.8KV BP1,REAL-DEF,59.721199999999996
2026-04-01,PARRAL________066,BA S/E PARRAL 66KV BP1,REAL-DEF,59.721199999999996
2026-04-01,PARRAL________154,BA S/E PARRAL 154KV BP1,REAL-DEF,59.278695
2026-04-01,PARRONAL______013,BA S/E PARRONAL 13.2KV,REAL-DEF,68.73476
2026-04-01,PARRONAL______066,BA S/E PARRONAL 66 kV BP1 [NO_MOSTRAR],REAL-DEF,68.86723
2026-04-01,PASO_HONDO____013,BA S/E PASO HONDO 13.2kV BP1,REAL-DEF,61.1079
2026-04-01,PASO_HONDO____066,BA S/E PASO HONDO 66kV BP1,REAL-DEF,61.1079
2026-04-01,PEHUENCHE_____220,BA S/E CENTRAL PEHUENCHE 220KV BP1,REAL-DEF,56.97879333333333
2026-04-01,PELEQUEN______013,BA S/E PELEQUEN 15KV,REAL-DEF,59.405525
2026-04-01,PELEQUEN______066,BA S/E PELEQUEN 66KV,REAL-DEF,59.25614
2026-04-01,PENABLANCA____013,BA S/E PEÑABLANCA 12kV BP2,REAL-DEF,57.094355
2026-04-01,PENABLANCA____110,BA S/E PEÑABLANCA 110kV BP1,REAL-DEF,57.006985
2026-04-01,PENCO_________013,BA S/E PENCO 15KV BP1,REAL-DEF,59.518265
2026-04-01,PENCO_________066,BA S/E PENCO 66KV BP1,REAL-DEF,59.3858
2026-04-01,PEOLMOS_______033,BA S/E LOS OLMOS 33KV B1,REAL-DEF,65.00588
2026-04-01,PEOLMOS_______220,BA S/E LOS OLMOS 220KV BP1,REAL-DEF,54.30686
2026-04-01,PEQ___________023,BA S/E PEQ 23KV,REAL-DEF,61.80407
2026-04-01,PEQ___________220,BA S/E PEQ 220KV,REAL-DEF,62.13665
2026-04-01,PERALES_______015,BA S/E PERALES 15KV C1,REAL-DEF,59.69207
2026-04-01,PERALES_______066,BA S/E PERALES 66KV B1,REAL-DEF,59.594364999999996
2026-04-01,PETALTAL______033,,REAL-DEF,63.779835000000006
2026-04-01,PETALTAL______220,,REAL-DEF,60.71331
2026-04-01,PETRODOW______154,BA S/E PETRODOW 154KV [NO_MOSTRAR],REAL-DEF,58.15693
2026-04-01,PETROPOWER____066,BA S/E PETROQUIN 66KV,REAL-DEF,57.79616
2026-04-01,PEUCHEN_______013,BA S/E CENTRAL PEUCHEN 13.8KV B1 [No_Mostrar],REAL-DEF,55.24824
2026-04-01,PEUCHEN_______220,BA S/E CENTRAL PEUCHEN 220KV BP1,REAL-DEF,55.690745
2026-04-01,PE_L_B.AIRES__066,BA S/E PARQUE EOLICO LOS BUENOS AIRES 66KV,REAL-DEF,55.081945000000005
2026-04-01,PE_RENAICO____220,BA S/E PARQUE EOLICO RENAICO 220KV BP1,REAL-DEF,53.616325
2026-04-01,PICARTE_______013,,REAL-DEF,58.337315000000004
2026-04-01,PICARTE_______066,BA S/E PICARTE 66KV,REAL-DEF,58.35986333333333
2026-04-01,PICHIL________023,BA S/E PICHIL BPR1 23KV,REAL-DEF,58.292215
2026-04-01,PICHIL________066,BA S/E PICHIL 66KV,REAL-DEF,58.28658
2026-04-01,PICHIRRAHUE___220,,REAL-DEF,57.472030000000004
2026-04-01,PICHIRROPULLI_013,BA S/E PICHIRROPULLI 13.8KV,REAL-DEF,57.59323
2026-04-01,PICHIRROPULLI_066,BA S/E PICHIRROPULLI 66KV,REAL-DEF,57.54813
2026-04-01,PICOLTUE______023,BA S/E PICOLTUE 23KV BP1,REAL-DEF,54.95136
2026-04-01,PICOLTUE______220,BA S/E PICOLTUE 220KV [NO_MOSTRAR],REAL-DEF,55.04531
2026-04-01,PIDPID________013,,REAL-DEF,61.133265
2026-04-01,PIDPID________110,BA S/E PID PID 110KV BP1,REAL-DEF,61.054345
2026-04-01,PIDUCO________013,BA S/E PILLANLELBUN 23KV ,REAL-DEF,63.07239
2026-04-01,PIDUCO________066,BA S/E PIDUCO 66KV,REAL-DEF,62.9822
2026-04-01,PILAUCO_______066,BA S/E PILAUCO 66KV BP1,REAL-DEF,57.35648
2026-04-01,PILAUCO_______220,BA S/E PILAUCO 220KV BA1,REAL-DEF,57.33956
2026-04-01,PILLANLELBUN__013,BA S/E PILLANLELBUN 13.2KV [No_Mostrar],REAL-DEF,56.654664999999994
2026-04-01,PILLANLELBUN__066,,REAL-DEF,56.6744
2026-04-01,PILMAIQUEN____013,BA S/E CENTRAL PILMAIQUEN 13.2KV,REAL-DEF,52.522745
2026-04-01,PILMAIQUEN____066,BA S/E CENTRAL PILMAIQUEN 66KV B1,REAL-DEF,52.522745
2026-04-01,PINATAS_______013,BA S/E LAS PIÑATAS 12kV BP1,REAL-DEF,58.57407
2026-04-01,PINATAS_______066,BA S/E LAS PIÑATAS 66kV BP1,REAL-DEF,58.28845666666666
2026-04-01,PIRQUE________013,BA S/E PIRQUE 13.2KV BP1,REAL-DEF,57.98406
2026-04-01,PIRQUE________110,BA S/E PIRQUE 110KV BP1,REAL-DEF,57.722883333333336
2026-04-01,PITRUFQUEN____013,BA S/E PITRUFQUEN 13.2KV,REAL-DEF,58.748815
2026-04-01,PITRUFQUEN____066,BA S/E PITRUFQUEN 66KV [NO_MOSTRAR],REAL-DEF,58.655805
2026-04-01,PLACERES______013,BA S/E LOS PLACERES 12KV BP1,REAL-DEF,56.863240000000005
2026-04-01,PLACERES______110,BA S/E LOS PLACERES 110kV BT1,REAL-DEF,56.811566666666664
2026-04-01,PLACILLA_S____013,BA S/E PLACILLA (CHILQUINTA) 12kV BP2,REAL-DEF,61.14266
2026-04-01,PLACILLA______013,BA S/E PLACILLA 13.2KV BP1,REAL-DEF,56.92806
2026-04-01,PLACILLA______066,BA S/E PLACILLA 66KV BP1,REAL-DEF,61.1079
2026-04-01,PLACILLA______110,BA S/E PLACILLA (CHILQUINTA) 110kV BP1,REAL-DEF,56.801230000000004
2026-04-01,PLANTAS_______013,BA S/E PLANTAS 13.8KV,REAL-DEF,61.747695
2026-04-01,PLANTAS_______110,BA S/E PLANTAS 110KV BP1,REAL-DEF,61.657505
2026-04-01,PLASCASAS_____013,BA S/E PADRE LAS CASAS 15KV,REAL-DEF,57.810255
2026-04-01,PLASCASAS_____066,BA S/E PADRE LAS CASAS 66KV BT1,REAL-DEF,57.76516
2026-04-01,POLPAICO______023,BA S/E POLPAICO 23KV BP1,REAL-DEF,54.574619999999996
2026-04-01,POLPAICO______220,BA S/E POLPAICO (TRANSELEC) 220KV BP1,REAL-DEF,57.44667
2026-04-01,POLPAICO______500,BA S/E POLPAICO (TRANSELEC) 500KV BPA,REAL-DEF,57.92205666666666
2026-04-01,PORTEZUELO____023,BA S/E PORTEZUELO 23KV BP1,REAL-DEF,57.48331
2026-04-01,PORTEZUELO____066,BA S/E PORTEZUELO 66KV BP1,REAL-DEF,57.06335
2026-04-01,PORTEZUELO____110,BA S/E PORTEZUELO 110KV BP1,REAL-DEF,56.56166
2026-04-01,PPEUCO_CP_____110,BA S/E PUNTA PEUCO (CEMENTO POLPAICO) 110kV BP2 [En_Revision],REAL-DEF,58.59098
2026-04-01,PPEUCO________023,,REAL-DEF,57.5425
2026-04-01,PPEUCO________110,BA S/E PUNTA PEUCO 110KV BP1,REAL-DEF,58.669900000000005
2026-04-01,PROCART_______220,BA S/E PROCART 220KV BP1,REAL-DEF,57.51149
2026-04-01,PSECO_________023,BA S/E PUEBLO SECO 23KV BP1,REAL-DEF,62.14511
2026-04-01,PTENEGRO2_____220,BA S/E PUENTE NEGRO 220KV BP2,REAL-DEF,56.4151
2026-04-01,PTENEGRO______220,BA S/E PUENTE NEGRO 220KV BP1,REAL-DEF,58.01882500000001
2026-04-01,PUCHOCO_______015,BA S/E PUCON 23KV,REAL-DEF,59.552085
2026-04-01,PUCHOCO_______066,BA S/E PULLINQUE 13.2KV,REAL-DEF,59.38016
2026-04-01,PUCHUNCAVI2___110,BA S/E PUCHUNCAVI 110 KV BP1-2,REAL-DEF,56.44140000000001
2026-04-01,PUCON_________013,,REAL-DEF,62.012635
2026-04-01,PUCON_________066,BA S/E PUCON 66KV,REAL-DEF,61.890499999999996
2026-04-01,PUDAHUEL______013,BA S/E PUDAHUEL 12KV BP1,REAL-DEF,58.607884999999996
2026-04-01,PUDAHUEL______110,BA S/E PUDAHUEL 110KV BP1 [NO_MOSTRAR],REAL-DEF,58.54025
2026-04-01,PUEBLOSECO____023,,REAL-DEF,56.623665
2026-04-01,PUEBLOSECO____154,BA S/E PUEBLO SECO 154KV BP1,REAL-DEF,56.5222
2026-04-01,PUERTOPATACHE_220,BA S/E PUERTO PATACHE 220KV B1,REAL-DEF,65.93599
2026-04-01,PUKARA________013,BA S/E PUKARA 13.8KV BP1,REAL-DEF,65.48221
2026-04-01,PUKARA________066,BA S/E PUKARA 66KV BP1,REAL-DEF,65.39202
2026-04-01,PULLINQUE_____023,BA S/E PULLINQUE 23 kV BP2,REAL-DEF,53.07236
2026-04-01,PULLINQUE_____066,BA S/E PULLINQUE 66KV,REAL-DEF,53.559020000000004
2026-04-01,PUMAHUE_______013,BA S/E PUMAHUE 15KV,REAL-DEF,57.02953
2026-04-01,PUMAHUE_______066,BA S/E PUMAHUE 66KV,REAL-DEF,56.835049999999995
2026-04-01,PUNITAQUI_____013,BA S/E PUNITAQUI 13.2KV,REAL-DEF,68.03859
2026-04-01,PUNITAQUI_____066,BA S/E PUNITAQUI 66KV,REAL-DEF,67.64681999999999
2026-04-01,PUNITAQUI_____110,BA S/E PUNITAQUI 110KV BP1 [NO_MOSTRAR],REAL-DEF,64.02505
2026-04-01,PUNTA_SIERRA__220,BA S/E PUNTA SIERRA 220KV BP1,REAL-DEF,58.21894
2026-04-01,PUNTA_TALCA___220,BA S/E PUNTA DE TALCA 220kV BP [En_Revision],REAL-DEF,58.02728
2026-04-01,PUQUILLAY_____013,BA S/E PUQUILLAY 17.5KV BP1,REAL-DEF,61.2911
2026-04-01,PUQUILLAY_____066,BA S/E PUQUILLAY 66KV BT1,REAL-DEF,61.29673666666667
2026-04-01,PURI__________220,BA S/E PURI 220KV BP1,REAL-DEF,62.003240000000005
2026-04-01,PURRANQUE_____013,BA S/E PURRANQUE 13.8KV,REAL-DEF,59.43089
2026-04-01,PURRANQUE_____066,BA S/E PURRANQUE 66KV,REAL-DEF,59.405525
2026-04-01,PVHFAMI_______033,,REAL-DEF,57.26065
2026-04-01,PVLEYDA_______033,,REAL-DEF,70.4174
2026-04-01,PVLEYDA_______110,,REAL-DEF,58.68117
2026-04-01,PVSALVADOR____110,BA S/E PV SALVADOR 110KV BP1,REAL-DEF,60.329995
2026-04-01,PVSOLDESIERTO_033,BA S/E SOL DEL DESIERTO 36KV BP1,REAL-DEF,60.88524
2026-04-01,PVSOLDESIERTO_220,BA S/E SOL DEL DESIERTO 220KV BP1,REAL-DEF,62.12538
2026-04-01,PVTAMAR_______033,BA S/E TAMARICO 33kV BP1 [EN_REVISION],REAL-DEF,67.78493
2026-04-01,PVTAMAR_______220,,REAL-DEF,58.94611
2026-04-01,PV_CEME1______220,BA S/E CEME 1 220kV BP1,REAL-DEF,61.068439999999995
2026-04-01,QTILCOCO______013,BA S/E QUINTA DE TILCOCO 15KV,REAL-DEF,62.23248
2026-04-01,QTILCOCO______066,BA S/E QUINTA DE TILCOCO 66KV,REAL-DEF,61.07877333333334
2026-04-01,QUELENTARO____013,BA S/E QUELENTARO 13.2KV BP,REAL-DEF,58.16632666666666
2026-04-01,QUELENTARO____110,BA S/E QUELENTARO 110KV BP1,REAL-DEF,54.853645
2026-04-01,QUELENTARO____220,BA S/E QUELENTARO 220KV BP1,REAL-DEF,57.756699999999995
2026-04-01,QUELLON_______013,,REAL-DEF,62.993475000000004
2026-04-01,QUELLON_______110,BA S/E QUELLON 110KV BP1,REAL-DEF,62.954015
2026-04-01,QUELTEHUES____012,BA S/E CENTRAL QUELTEHUES 12KV,REAL-DEF,55.005845
2026-04-01,QUELTEHUES____110,BA S/E CENTRAL QUELTEHUES 110KV BP1,REAL-DEF,55.49063
2026-04-01,QUEREO________023,BA S/E QUEREO 23KV,REAL-DEF,57.965270000000004
2026-04-01,QUEREO________110,BA S/E QUEREO 110 kV BP1 [NO_MOSTRAR],REAL-DEF,57.872265
2026-04-01,QUIANI________013,BA S/E QUIANI 13.8KV-BP1 [No_Mostrar],REAL-DEF,65.88526
2026-04-01,QUIANI________066,BA S/E QUIANI 66KV [No_Mostrar],REAL-DEF,65.20881666666666
2026-04-01,QUIBORAX______066,,REAL-DEF,63.77138
2026-04-01,QUILAPILUN____220,BA S/E CENTRAL QUILAPILUN 220KV BP1,REAL-DEF,57.55941
2026-04-01,QUILICURA_____013,BA S/E QUILICURA 12KV BP2,REAL-DEF,58.78263666666667
2026-04-01,QUILICURA_____023,BA S/E QUILICURA 23KV BP1,REAL-DEF,58.77136
2026-04-01,QUILICURA_____110,BA S/E QUILICURA 110KV BP1,REAL-DEF,58.729085
2026-04-01,QUILLECO______013,,REAL-DEF,55.989505
2026-04-01,QUILLECO______220,BA S/E CENTRAL QUILLECO 220KV BP1,REAL-DEF,55.989505
2026-04-01,QUILLOTA______110,BA S/E QUILLOTA 110KV BP1,REAL-DEF,56.65561
2026-04-01,QUILLOTA______220,BA S/E QUILLOTA 220KV BP1-1,REAL-DEF,56.37
2026-04-01,QUILMO________033,BA S/E QUILMO 033KV,REAL-DEF,58.901015
2026-04-01,QUILMO________066,BA S/E QUILMO II 66KV,REAL-DEF,58.79391
2026-04-01,QUILPUE_______013,BA S/E QUILPUE 12kV BP1,REAL-DEF,57.18736333333334
2026-04-01,QUILPUE_______110,BA S/E QUILPUE 110kV BP1,REAL-DEF,57.12536
2026-04-01,QUINAHUE______066,,REAL-DEF,58.96866
2026-04-01,QUINENCO______154,,REAL-DEF,57.999095
2026-04-01,QUINQUIMO2____110,BA S/E QUINQUIMO 110 kV BP1-S2 [NO_MOSTRAR],REAL-DEF,61.25446
2026-04-01,QUINQUIMO_____023,BA S/E QUINQUIMO 23KV BP1-S1,REAL-DEF,59.64228
2026-04-01,QUINQUIMO_____110,BA S/E QUINQUIMO 110KV BP1-1,REAL-DEF,59.543635
2026-04-01,QUINTAY_______013,BA S/E QUINTAY 12kV BP1,REAL-DEF,57.30574
2026-04-01,QUINTAY_______066,BA S/E QUINTAY 66kV BP1,REAL-DEF,57.29822333333333
2026-04-01,QUINTA________013,BA S/E QUINTA 13.2kV BP1,REAL-DEF,62.376225000000005
2026-04-01,QUINTA________066,BA S/E QUINTA 66kV BP1,REAL-DEF,62.27758
2026-04-01,QUINTERO______013,BA S/E QUINTERO 12kV BP1,REAL-DEF,56.12197
2026-04-01,QUINTERO______110,BA S/E GNL QUINTERO 110KV BP1-2,REAL-DEF,56.133245
2026-04-01,QUINTERO______220,BA S/E CENTRAL QUINTERO 220KV BP1,REAL-DEF,55.913405
2026-04-01,QUIRIHUE______023,BA S/E QUIRIHUE 23KV,REAL-DEF,66.866095
2026-04-01,QUIRIHUE______033,BA S/E QUIRIHUE 33KV,REAL-DEF,66.94125666666666
2026-04-01,R.BONITO______023,BA S/E RIO BONITO 23KV,REAL-DEF,56.32772
2026-04-01,R.BONITO______110,BA S/E RIO BONITO 110KV [NO_MOSTRAR],REAL-DEF,56.344629999999995
2026-04-01,R.NEGRO_______023,BA S/E RIO NEGRO 24 KV BP1,REAL-DEF,58.968655
2026-04-01,R.NEGRO_______066,BA S/E RIO NEGRO 66KV BP1,REAL-DEF,58.912285
2026-04-01,R.TOMIC_______220,BA S/E RADOMIRO TOMIC 220KV BP1,REAL-DEF,61.74206
2026-04-01,RACONCAGUA____110,BA S/E RIO ACONCAGUA 110KV BP1,REAL-DEF,57.03704333333334
2026-04-01,RALCO_________013,,REAL-DEF,54.97766
2026-04-01,RALCO_________220,BA S/E CENTRAL RALCO 220KV [NO_MOSTRAR],REAL-DEF,54.6338
2026-04-01,RANCAGUA1_____066,BA S/E RANCAGUA 66KV BP1,REAL-DEF,61.43203
2026-04-01,RANCAGUA2_____066,BA S/E RANCAGUA 66KV BP2,REAL-DEF,60.80068
2026-04-01,RANCAGUA______154,BA S/E RANCAGUA 154KV BP1,REAL-DEF,60.2088
2026-04-01,RANDE_________220,BA S/E RANDE 220KV BP,REAL-DEF,61.017705
2026-04-01,RANGUILI______013,BA S/E RANGUILI 13.8KV BP1,REAL-DEF,71.21598
2026-04-01,RANGUILI______066,,REAL-DEF,71.09666
2026-04-01,RAPEL_________066,BA S/E REGULADORA RAPEL 66KV,REAL-DEF,56.34745
2026-04-01,RAPEL_________220,BA S/E RAPEL 220KV BP1,REAL-DEF,57.765159999999995
2026-04-01,RAUQUEN_______013,BA S/E RAUQUEN 13.2KV BT,REAL-DEF,63.94613
2026-04-01,RAUQUEN_______066,BA S/E RAUQUEN 66KV,REAL-DEF,63.85593666666667
2026-04-01,RECINTO_______023,BA S/E RECINTO 23KV BP1,REAL-DEF,62.45232
2026-04-01,RECINTO_______033,BA S/E RECINTO 33KV BP1,REAL-DEF,62.536874999999995
2026-04-01,RECOLETA______013,BA S/E RECOLETA 13.2KV BP1 [NO_MOSTRAR],REAL-DEF,58.802365
2026-04-01,RECOLETA______110,BA S/E RECOLETA 110KV BP1,REAL-DEF,58.75445
2026-04-01,REMEHUE_______066,BA S/E REMEHUE BP1 66KV,REAL-DEF,57.50304
2026-04-01,RENACA________013,BA S/E REÑACA 12kV BP1,REAL-DEF,57.44385
2026-04-01,RENACA________110,BA S/E REÑACA 110kV BP1,REAL-DEF,57.24937
2026-04-01,RENAICO_______066,BA S/E RENAICO (FFCC) 66KV,REAL-DEF,53.36736
2026-04-01,RENCA_________110,BA S/E RENCA 110KV BP1,REAL-DEF,58.328855
2026-04-01,RENGO_________013,BA S/E RENGO 15KV BP1,REAL-DEF,60.78564666666667
2026-04-01,RENGO_________066,BA S/E RENGO 66KV BP1,REAL-DEF,60.583655
2026-04-01,RETIRO________013,BA S/E RETIRO 13.2KV,REAL-DEF,61.227219999999996
2026-04-01,RETIRO________066,BA S/E RETIRO 66KV,REAL-DEF,61.24601
2026-04-01,RIECILLOS_____044,BA S/E RIECILLOS 44kV BP1,REAL-DEF,59.315335
2026-04-01,RIOHUASCO_____110,BA S/E HUASCO 110KV BP1-2,REAL-DEF,59.1885
2026-04-01,RIOTOLTEN_____110,,REAL-DEF,57.48613
2026-04-01,RIOTOLTEN_____220,BA S/E SECCIONADORA RIO TOLTEN 220KV BP1,REAL-DEF,56.19525
2026-04-01,RIO_BLANCO____013,BA S/E RIO BLANCO 12KV BP1,REAL-DEF,59.402705
2026-04-01,RIO_BLANCO____044,BA S/E RIO BLANCO 44kV BP1,REAL-DEF,59.391435
2026-04-01,RIO_ESCONDIDO_220,,REAL-DEF,59.492895000000004
2026-04-01,RIO_MALLECO___220,BA S/E SECCIONADORA RIO MALLECO 220KV BP1,REAL-DEF,54.988935
2026-04-01,RIO_SALADO____110,BA S/E RIO SALADO 110KV BP1,REAL-DEF,61.04871
2026-04-01,ROMERAL_______110,BA S/E ROMERAL (CMP) 110KV BP1,REAL-DEF,59.92319333333333
2026-04-01,RONCACHO______220,BA S/E RONCACHO 220 KV BP1,REAL-DEF,66.58424
2026-04-01,ROSARIO_______013,BA S/E ROMERAL (CMP) 11.5KV,REAL-DEF,71.863295
2026-04-01,ROSARIO_______066,BA S/E ROSARIO 66KV BP1,REAL-DEF,71.54292333333333
2026-04-01,RRAPEL________013,BA S/E REGULADORA RAPEL 13KV [NO_MOSTRAR],REAL-DEF,56.11352
2026-04-01,RRAPEL________066,BA S/E REGULADORA RAPEL 66 kV BP2 [NO_MOSTRAR],REAL-DEF,56.27417
2026-04-01,RUCASOL_______023,,REAL-DEF,49.36321
2026-04-01,RUCASOL_______110,,REAL-DEF,58.07801
2026-04-01,RUCATAYO______220,BA S/E RUCATAYO 220KV BP1,REAL-DEF,57.24374
2026-04-01,RUCUE_________013,,REAL-DEF,55.955685
2026-04-01,RUCUE_________023,BA S/E CENTRAL RUCUE 23KV,REAL-DEF,55.99608333333333
2026-04-01,RUCUE_________220,BA S/E CENTRAL RUCUE 220KV BP1,REAL-DEF,55.955685
2026-04-01,RUIL1_________066,BA S/E EL RUIL 66kV BP1-1,REAL-DEF,62.612975
2026-04-01,RUIL2_________066,BA S/E EL RUIL 66kV BP1-2,REAL-DEF,62.64398
2026-04-01,RUIL__________015,BA S/E EL RUIL 15kV BP1,REAL-DEF,75.12617666666667
2026-04-01,RUNGUE________023,BA S/E RUNGUE 23KV BP1,REAL-DEF,57.91453666666666
2026-04-01,RUNGUE________044,BA S/E RUNGUE 44KV BP1,REAL-DEF,57.9089
2026-04-01,S.ANDRES______154,,REAL-DEF,55.28206
2026-04-01,S.ANDRES______220,BA S/E SECCIONADORA SAN ANDRES 220KV BP1-S1,REAL-DEF,59.625370000000004
2026-04-01,S.ANTONIO_____013,BA S/E SAN ANTONIO 12kV BP1,REAL-DEF,59.12086
2026-04-01,S.ANTONIO_____066,BA S/E SAN ANTONIO 66kV BP1,REAL-DEF,59.1434
2026-04-01,S.ANTONIO_____110,BA S/E SAN ANTONIO 110KV BP1,REAL-DEF,59.10958
2026-04-01,S.CARLOS______013,BA S/E SAN CARLOS 13.8KV,REAL-DEF,62.42132
2026-04-01,S.CARLOS______066,BA S/E SAN CARLOS 66KV,REAL-DEF,62.36213
2026-04-01,S.F.MOSTAZAL__013,BA S/E SAN FRANCISCO DE MOSTAZAL 15KV BP2,REAL-DEF,64.29562
2026-04-01,S.F.MOSTAZAL__066,BA S/E SAN FRANCISCO DE MOSTAZAL 66KV BP1,REAL-DEF,64.35199
2026-04-01,S.FELIPE______013,BA S/E SAN FELIPE 12KV BP1,REAL-DEF,58.04606999999999
2026-04-01,S.FELIPE______044,BA S/E SAN FELIPE 44kV BP1,REAL-DEF,60.307445
2026-04-01,S.FELIPE______110,BA S/E SAN FELIPE 110KV BP1,REAL-DEF,58.025396666666666
2026-04-01,S.FERNANDO____015,BA S/E SAN FERNANDO 15KV BP1,REAL-DEF,59.726834999999994
2026-04-01,S.FERNANDO____066,BA S/E SAN FERNANDO (FFCC) 66KV B1,REAL-DEF,59.628185
2026-04-01,S.FERNANDO____154,BA S/E SAN FERNANDO 154KV BP2,REAL-DEF,59.05321333333333
2026-04-01,S.FRUTILLAR.N_220,BA S/E FRUTILLAR NORTE 220KV BP1,REAL-DEF,57.95024333333333
2026-04-01,S.GORDA_______220,BA S/E SIERRA GORDA 220KV BP1,REAL-DEF,61.942175
2026-04-01,S.GREGORIO____013,BA S/E SAN GREGORIO 13.2kV BP1 [No_Mostrar],REAL-DEF,61.20842666666667
2026-04-01,S.GREGORIO____066,BA S/E SAN GREGORIO 66KV [no_mostrar],REAL-DEF,61.121990000000004
2026-04-01,S.JAVIER______023,BA S/E SAN JAVIER 23KV,REAL-DEF,62.30576
2026-04-01,S.JAVIER______066,BA S/E SAN JAVIER 66KV,REAL-DEF,62.30576
2026-04-01,S.JERONIMO____013,BA S/E SAN JERONIMO 12kV BP1,REAL-DEF,58.089285
2026-04-01,S.JERONIMO____066,BA S/E SAN JERONIMO 66kV BP1,REAL-DEF,58.12311
2026-04-01,S.JOAQUIN_____015,BA S/E SAN JOAQUIN (CGE) 13.2KV C1,REAL-DEF,59.557725000000005
2026-04-01,S.JOAQUIN_____110,BA S/E SAN JOAQUIN (CGE) 220KV BP1,REAL-DEF,59.74656
2026-04-01,S.LUIS2_______220,BA S/E SAN LUIS 220KV BP2,REAL-DEF,56.22344
2026-04-01,S.LUIS________220,BA S/E SAN LUIS 220KV BP1,REAL-DEF,56.226259999999996
2026-04-01,S.MIGUEL______013,BA S/E SAN MIGUEL 15KV,REAL-DEF,62.638345
2026-04-01,S.MIGUEL______066,BA S/E SAN MIGUEL 66 kV BP1 [NO_MOSTRAR],REAL-DEF,62.16484
2026-04-01,S.P.PAPELES___066,,REAL-DEF,59.250510000000006
2026-04-01,S.PEDRO_______013,BA S/E SAN PEDRO (CTNG) 12kV BP1,REAL-DEF,56.73077
2026-04-01,S.PEDRO_______110,BA S/E SAN PEDRO (CTNG) 110kV BP1,REAL-DEF,56.696949999999994
2026-04-01,S.RAFAEL_S____013,BA S/E SAN RAFAEL 13.8KV,REAL-DEF,61.42639333333333
2026-04-01,S.RAFAEL______013,BA S/E SAN RAFAEL (CHILQUINTA) 12kV BP1,REAL-DEF,58.34577
2026-04-01,S.RAFAEL______044,,REAL-DEF,59.188500000000005
2026-04-01,S.RAFAEL______066,BA S/E SAN RAFAEL 66 kV BP1,REAL-DEF,61.38411
2026-04-01,S.RAFAEL______110,BA S/E SAN RAFAEL (CHILQUINTA) 110kV BP1,REAL-DEF,58.209540000000004
2026-04-01,S.SEBASTIAN___013,BA S/E SAN SEBASTIAN 12kV BP1,REAL-DEF,59.93258
2026-04-01,S.SEBASTIAN___066,BA S/E SAN SEBASTIAN 66kV BP1,REAL-DEF,59.76159333333333
2026-04-01,S.SIMON_______220,BA S/E SAN SIMON 220KV BP1,REAL-DEF,61.92808
2026-04-01,S.VICENTETT___013,BA S/E SAN VICENTE DE TAGUA TAGUA 15KV C2,REAL-DEF,62.22684
2026-04-01,S.VICENTETT___066,BA S/E SAN VICENTE DE TAGUA TAGUA 66KV T1,REAL-DEF,62.162015
2026-04-01,S.VICENTE_____013,BA S/E SAN VICENTE 13.2KV SECCION B,REAL-DEF,57.93145
2026-04-01,S.VICENTE_____066,BA S/E SAN VICENTE 66KV BP1,REAL-DEF,58.15129
2026-04-01,S.VICENTE_____154,BA S/E SAN VICENTE 154KV BP1-1,REAL-DEF,58.10807666666667
2026-04-01,SALADILLO_____066,BA S/E SALADILLO 66KV B2,REAL-DEF,59.20541
2026-04-01,SALAMANCA_____023,BA S/E SALAMANCA 23KV BP2,REAL-DEF,60.93597
2026-04-01,SALAMANCA_____110,BA S/E SALAMANCA 110KV BP1,REAL-DEF,60.63721
2026-04-01,SALARCHUQAUX__220,,REAL-DEF,60.79505
2026-04-01,SALAR_________110,BA S/E SALAR 100KV BP1,REAL-DEF,63.56845
2026-04-01,SALAR_________220,BA S/E SALAR 220KV BP1,REAL-DEF,62.97656
2026-04-01,SANGABRIEL____033,BA S/E SAN GABRIEL 33KV BP1,REAL-DEF,53.25838
2026-04-01,SANGABRIEL____220,,REAL-DEF,54.149025
2026-04-01,SANGRA________023,BA S/E SANGRA BP 23KV,REAL-DEF,59.09549
2026-04-01,SANGRA________066,BA S/E SANGRA BP 66KV,REAL-DEF,59.03912
2026-04-01,SANPEDROEOL___030,,REAL-DEF,65.63159
2026-04-01,SANPEDROEOL___110,BA S/E CENTRAL SAN PEDRO DALCAHUE 110KV BP1,REAL-DEF,59.800115
2026-04-01,SANPEDRO______013,BA S/E SAN PEDRO (CGE) 15KV B1,REAL-DEF,60.64285
2026-04-01,SANPEDRO______066,BA S/E SAN PEDRO (CGE) 66KV B1,REAL-DEF,60.66164
2026-04-01,SANTACLARA____066,,REAL-DEF,58.32603666666666
2026-04-01,SANTACLARA____220,BA S/E SANTA CLARA 220 KV BP1,REAL-DEF,55.515995
2026-04-01,SANTACRUZ_____013,BA S/E SANTA CRUZ 17.5KV BP1,REAL-DEF,64.9326
2026-04-01,SANTACRUZ_____066,BA S/E SANTA CRUZ 66KV BP1,REAL-DEF,64.64793499999999
2026-04-01,SANTAFE_______006,BA S/E CELULOSA SANTA FE 6.6KV,REAL-DEF,71.76465
2026-04-01,SANTAFE_______013,BA S/E CELULOSA SANTA FE 13.2KV,REAL-DEF,66.24039
2026-04-01,SANTAFE_______220,BA S/E CELULOSA SANTA FE 220KV BP1,REAL-DEF,55.20314
2026-04-01,SANTA_BARBARA_013,BA S/E SANTA BARBARA 13.8KV,REAL-DEF,55.95568
2026-04-01,SANTA_BARBARA_066,BA S/E SANTA BARBARA 66KV [No_Mostrar],REAL-DEF,55.95568
2026-04-01,SANTA_ELENA___013,BA S/E SANTA ELENA 12KV BP5,REAL-DEF,59.69019
2026-04-01,SANTA_ELENA___110,BA S/E SANTA ELENA 110KV BP1,REAL-DEF,59.60846
2026-04-01,SANTA_MARTA___013,BA S/E SANTA MARTA 12KV BP1,REAL-DEF,59.27306
2026-04-01,SANTA_MARTA___023,BA S/E SANTA MARTA 23KV BA3,REAL-DEF,59.20541
2026-04-01,SANTA_MARTA___110,BA S/E SANTA MARTA 110KV BP1,REAL-DEF,59.008115000000004
2026-04-01,SANTA_RAQUEL__013,BA S/E SANTA RAQUEL 12KV BP1,REAL-DEF,59.7522
2026-04-01,SANTA_RAQUEL__110,BA S/E SANTA RAQUEL 110KV BP1,REAL-DEF,59.60564
2026-04-01,SANTA_ROSA_S__013,BA S/E SANTA ROSA SUR 12KV BA1,REAL-DEF,59.473169999999996
2026-04-01,SANTA_ROSA_S__110,BA S/E SANTA ROSA SUR 110KV BP1,REAL-DEF,59.408345
2026-04-01,SANT_SOLAR____110,BA S/E SANTIAGO SOLAR 110KV BP1,REAL-DEF,58.3965
2026-04-01,SAN_BERNARDO__013,BA S/E SAN BERNARDO 12KV BP1,REAL-DEF,58.988385
2026-04-01,SAN_BERNARDO__110,BA S/E SAN BERNARDO 110KV BP1,REAL-DEF,58.805185
2026-04-01,SAN_CLEMENTE__013,BA S/E SAN CLEMENTE 13.2KV BP1,REAL-DEF,58.92074
2026-04-01,SAN_CLEMENTE__066,BA S/E CENTRAL SAN CLEMENTE 66KV,REAL-DEF,58.8221
2026-04-01,SAN_CRISTOBAL_012,BA S/E SAN CRISTOBAL 12KV BP1,REAL-DEF,58.735659999999996
2026-04-01,SAN_CRISTOBAL_110,BA S/E SAN CRISTOBAL 110KV BP1,REAL-DEF,58.65485999999999
2026-04-01,SAN_FRANCISCO_220,BA S/E SECCIONADORA FRANCISCO 220KV BP1,REAL-DEF,60.09887500000001
2026-04-01,SAN_IGNACIO___066,BA S/E SAN IGNACIO 66KV,REAL-DEF,62.6421
2026-04-01,SAN_JOAQUIN___013,BA S/E SAN JOAQUIN (ENEL TRANSMISION) 12KV BP1,REAL-DEF,59.7071
2026-04-01,SAN_JOAQUIN___110,BA S/E SAN JOAQUIN (ENEL TRANSMISION) 110KV BP1,REAL-DEF,59.52672
2026-04-01,SAN_JOSE______013,BA S/E SAN JOSE 12KV BP1,REAL-DEF,58.920739999999995
2026-04-01,SAN_JOSE______110,BA S/E SAN JOSE 110KV BP1,REAL-DEF,58.839005
2026-04-01,SAN_JUAN______013,BA S/E SAN JUAN 13.2KV,REAL-DEF,60.63157
2026-04-01,SAN_JUAN______066,BA S/E SAN JUAN 66KV,REAL-DEF,60.597750000000005
2026-04-01,SAN_PABLO_____013,,REAL-DEF,59.312515000000005
2026-04-01,SAN_PABLO_____023,BA S/E SAN PABLO 23KV BA,REAL-DEF,57.73979
2026-04-01,SAN_PABLO_____110,BA S/E SAN PABLO 110KV BP1,REAL-DEF,59.07576
2026-04-01,SARCO_________220,,REAL-DEF,58.373955
2026-04-01,SAUZAL1_______110,BA S/E SAUZAL 110KV BP1,REAL-DEF,58.965835
2026-04-01,SAUZAL2_______110,BA S/E SAUZAL 110KV BP2,REAL-DEF,58.740359999999995
2026-04-01,SAUZALITO_____013,,REAL-DEF,58.72345
2026-04-01,SAUZAL________013,BA S/E SAUZAL 13.8KV,REAL-DEF,58.875645
2026-04-01,SAUZAL________154,,REAL-DEF,59.388615
2026-04-01,SENORAZA______066,BA S/E LA SEÑORAZA 66KV BP1 [EN_REVISION],REAL-DEF,56.124790000000004
2026-04-01,SENORAZA______220,BA S/E LA SEÑORAZA 220KV BP1 [EN_REVISION],REAL-DEF,55.82885
2026-04-01,SOLARJAMA_____220,BA S/E SOLAR JAMA 220KV BP,REAL-DEF,61.48463999999999
2026-04-01,SOLIS_________154,BA S/E SOLIS 154KV BP1,REAL-DEF,58.90665
2026-04-01,SPENCE________220,BA S/E SPENCE 220KV BP,REAL-DEF,62.13477
2026-04-01,STA.ELISA_____023,BA S/E SANTA ELISA 23KV,REAL-DEF,60.41173
2026-04-01,STA.ELISA_____033,,REAL-DEF,60.304625
2026-04-01,STA.ELVIRA____013,BA S/E SANTA ELVIRA 15KV BP1,REAL-DEF,57.49176
2026-04-01,STA.ELVIRA____066,BA S/E SANTA ELVIRA 66kV BP1-S1 [NO_MOSTRAR],REAL-DEF,57.38184
2026-04-01,STA.FE________154,,REAL-DEF,55.05658
2026-04-01,STA.LUISA_____154,BA S/E SANTA LUISA 154KV BP1,REAL-DEF,53.168184999999994
2026-04-01,STA.MARIA_____220,BA S/E SANTA MARIA 220KV BP1,REAL-DEF,55.310244999999995
2026-04-01,STA.ROSA______023,BA S/E SANTA ROSA (CGE) 23KV,REAL-DEF,59.103944999999996
2026-04-01,STA.ROSA______066,BA S/E SANTA ROSA (CGE) 66KV B1,REAL-DEF,59.09831
2026-04-01,STA_ISABEL____220,BA S/E SANTA ISABEL 220 KV BP1 [NO_MOSTRAR],REAL-DEF,57.581954999999994
2026-04-01,STA_RAQUEL____020,BA S/E SANTA RAQUEL 20.4KV BP5 [No_Mostrar],REAL-DEF,59.598119999999994
2026-04-01,SULFUROS______220,BA S/E SULFUROS 220KV BP,REAL-DEF,62.519965
2026-04-01,SUM_COLLAHUAS_220,BA S/E COLLAHUASI 220KV BP2,REAL-DEF,66.20657
2026-04-01,SUM_COLOSO____220,BA S/E COLOSO 220KV BP2,REAL-DEF,60.28772
2026-04-01,SUM_DOMEYKO___220,BA S/E DOMEYKO 220KV BP2,REAL-DEF,61.70824
2026-04-01,SUM_EKA.CHILE_154,BA S/E EKA CHILE 154KV BP1,REAL-DEF,58.03855333333333
2026-04-01,SUM_MAPAL_____154,BA S/E MAPAL 154KV BP [NO_MOSTRAR],REAL-DEF,57.85065
2026-04-01,SUM_OGP1______220,BA S/E OGP1 220KV BP1,REAL-DEF,63.52899
2026-04-01,SUM_PALLATA___220,BA S/E PALLATA 220KV BP1 [No_Mostrar],REAL-DEF,62.05209666666667
2026-04-01,SUM_QUILLOTA__220,BA S/E QUILLOTA 220KV BP1-2,REAL-DEF,56.37
2026-04-01,SUR___________110,BA S/E SUR 110KV [NO_MOSTRAR],REAL-DEF,63.49517
2026-04-01,T.A.MELIP_____110,BA S/E TAP OFF ALTO MELIPILLA (CGE) 110KV BP1,REAL-DEF,57.807435
2026-04-01,T.ACCNORTE____110,,REAL-DEF,62.505875
2026-04-01,T.AMARILLA____023,BA S/E TIERRA AMARILLA 23KV BP1-S1,REAL-DEF,61.547585
2026-04-01,T.AMARILLA____110,BA S/E TIERRA AMARILLA 110KV BP1-S1,REAL-DEF,61.91117
2026-04-01,T.BOCAS_______066,,REAL-DEF,58.489515
2026-04-01,T.CARAMPANGUE_066,,REAL-DEF,60.07915
2026-04-01,T.LLANBLANCOS_220,,REAL-DEF,59.010935
2026-04-01,T.NIHUE_______066,BA TAP OFF NIHUE 66KV,REAL-DEF,57.1667
2026-04-01,T.PINOS_______013,BA S/E TRES PINOS 13.2KV,REAL-DEF,58.94047
2026-04-01,T.PINOS_______066,BA S/E TRES PINOS 66KV,REAL-DEF,58.96866
2026-04-01,T.SEBASTIAN___066,,REAL-DEF,59.416795
2026-04-01,TA.HOSPICIO___110,,REAL-DEF,64.49291500000001
2026-04-01,TAIRA1________033,BA S/E TAIRA 36kV BP1,REAL-DEF,73.27818500000001
2026-04-01,TAIRA1________220,BA S/E TAIRA 220kV BP1,REAL-DEF,61.065619999999996
2026-04-01,TAIRA2________033,BA S/E TAIRA 36kV BP2,REAL-DEF,73.27818500000001
2026-04-01,TAIRA2________220,BA S/E TAIRA 220kV BT1,REAL-DEF,62.17047
2026-04-01,TALCA1________066,BA S/E TALCA 66KV BP1,REAL-DEF,62.58761
2026-04-01,TALCA2________066,BA S/E TALCA 66KV BP2 (HACIA LINARES),REAL-DEF,62.618615
2026-04-01,TALCAHUANO____013,BA S/E TALCAHUANO 15KV C1,REAL-DEF,58.35422
2026-04-01,TALCAHUANO____066,BA S/E TALCAHUANO 66KV,REAL-DEF,58.58534
2026-04-01,TALCAHUANO____154,BA S/E TALCAHUANO 154KV BP1,REAL-DEF,58.1372
2026-04-01,TALCA_________013,BA S/E TALCA 13.8KV,REAL-DEF,62.75954
2026-04-01,TALTAL________013,BA S/E TALTAL (ELECDA) 13.2KV ,REAL-DEF,64.65639
2026-04-01,TALTAL________110,,REAL-DEF,64.51547
2026-04-01,TAMANGO_______066,BA S/E TAMANGO 66kV BP1,REAL-DEF,57.97655
2026-04-01,TAMARUGAL_____023,BA S/E TAMARUGAL 23KV BP1,REAL-DEF,65.66823500000001
2026-04-01,TAMARUGAL_____066,BA S/E TAMARUGAL 66KV BP1,REAL-DEF,67.29451
2026-04-01,TAP.CONCON____110,,REAL-DEF,56.76177
2026-04-01,TAP.ELEDEN____110,,REAL-DEF,58.6699
2026-04-01,TAP.MANZANO___066,BA S/E TAP OFF EL MANZANO (LITORAL) 66kV BP1,REAL-DEF,57.81871
2026-04-01,TAP.QUINTAY___066,BA S/E TAP OFF QUINTAY 66kV BP1,REAL-DEF,57.30292
2026-04-01,TAP.RENACA____110,,REAL-DEF,57.07463
2026-04-01,TAP1_MAQUIS___110,,REAL-DEF,57.72288
2026-04-01,TAP2_MAQUIS___110,,REAL-DEF,57.72288
2026-04-01,TAPCSJAVIER___066,,REAL-DEF,49.8649
2026-04-01,TAPIMPULSO____110,,REAL-DEF,61.417935
2026-04-01,TAPLLANQUIHUE_220,,REAL-DEF,58.151295000000005
2026-04-01,TAPLLAUQUEREO_023,,REAL-DEF,54.408325
2026-04-01,TAPLOA________220,BA S/E TAP OFF EL LOA 220KV BP,REAL-DEF,60.48783
2026-04-01,TAPMREDON_____220,BA S/E CENTRAL MONTE REDONDO 220KV [No_Mostrar],REAL-DEF,57.98406333333333
2026-04-01,TAPNEVADO_____066,BA S/E TAP OFF EL NEVADO 66 kV BP1 [NO_MOSTRAR],REAL-DEF,57.49176
2026-04-01,TAPS.FELIPE___110,,REAL-DEF,57.91172
2026-04-01,TAPS.RAFAEL___110,,REAL-DEF,55.293335
2026-04-01,TAPTALTAL1____220,BA TAP OFF TAL TAL 220KV BP2 [NO_MOSTRAR],REAL-DEF,60.110150000000004
2026-04-01,TAPTALTAL2____220,,REAL-DEF,60.110150000000004
2026-04-01,TAP_ALAMEDA___066,BA S/E ALAMEDA 66KV T2,REAL-DEF,57.63833
2026-04-01,TAP_BICENTENA_110,,REAL-DEF,58.9292
2026-04-01,TAP_BUIN______110,,REAL-DEF,58.70372
2026-04-01,TAP_BUREO_____220,,REAL-DEF,56.05715
2026-04-01,TAP_CALEU_____044,,REAL-DEF,57.92581
2026-04-01,TAP_CARRASCAL_110,,REAL-DEF,58.30349
2026-04-01,TAP_CHACABUCO_110,,REAL-DEF,58.78264
2026-04-01,TAP_CHAGRES___110,,REAL-DEF,57.05771
2026-04-01,TAP_CHANARES__110,,REAL-DEF,60.389185
2026-04-01,TAP_CHICUREO__220,,REAL-DEF,57.832800000000006
2026-04-01,TAP_C_HIPICO__110,,REAL-DEF,59.36888
2026-04-01,TAP_DUQUECO___066,,REAL-DEF,55.03121
2026-04-01,TAP_EL_MAITEN_066,,REAL-DEF,59.07012
2026-04-01,TAP_EL_ROMERO_220,,REAL-DEF,60.003045
2026-04-01,TAP_ENTEL_____044,,REAL-DEF,57.92581
2026-04-01,TAP_FOPACO____154,,REAL-DEF,57.90045
2026-04-01,TAP_HIERROS2__110,,REAL-DEF,56.944975
2026-04-01,TAP_HOSPITAL__066,BA S/E TAP OFF HOSPITAL 66 kV BP1 [NO_MOSTRAR],REAL-DEF,61.339015
2026-04-01,TAP_LA_DEHESA_110,,REAL-DEF,58.53179
2026-04-01,TAP_LA_PALOMA_066,BA S/E TAP OFF LA PALOMA 66 kV BP1,REAL-DEF,59.94104
2026-04-01,TAP_LA_REINA__110,,REAL-DEF,59.112399999999994
2026-04-01,TAP_LOMA_ALTA_220,,REAL-DEF,56.961885
2026-04-01,TAP_LOMA_COL__066,BA S/E TAP OFF LOMA COLORADA 66 kV BP1-S1 [NO_MOSTRAR],REAL-DEF,59.83394
2026-04-01,TAP_LOTA______066,,REAL-DEF,58.433144999999996
2026-04-01,TAP_LO_BOZA___110,,REAL-DEF,58.69244333333334
2026-04-01,TAP_MACUL_____110,,REAL-DEF,59.456255
2026-04-01,TAP_MCA_______220,,REAL-DEF,55.81757
2026-04-01,TAP_P.HONDO___066,BA S/E TAP OFF PASO HONDO 66kV BP1,REAL-DEF,61.065619999999996
2026-04-01,TAP_PAJARITOS_110,,REAL-DEF,59.04194
2026-04-01,TAP_PALACIOS__023,BA TAP OFF PALACIOS 23KV,REAL-DEF,57.407205000000005
2026-04-01,TAP_POLPAICO__066,BA S/E POLPAICO(CEMENTOS POLPAICO) 66KV,REAL-DEF,60.2849
2026-04-01,TAP_PULELFU___066,BA S/E PULELFU 66KV,REAL-DEF,53.96864
2026-04-01,TAP_PUTAGAN___066,,REAL-DEF,59.521085
2026-04-01,TAP_QUILICURA_110,,REAL-DEF,57.001345
2026-04-01,TAP_RCOLORADO_066,BA S/E CENTRAL RIO COLORADO 66KV,REAL-DEF,56.908335
2026-04-01,TAP_RECOLETA__110,,REAL-DEF,58.726265
2026-04-01,TAP_RIOHUASCO_110,,REAL-DEF,58.917925
2026-04-01,TAP_RIOTOLTEN_220,BA S/E SECCIONADORA RIO TOLTEN 220KV BP2,REAL-DEF,56.17271
2026-04-01,TAP_ROSAL_____220,BA TAP EL ROSAL 220KV B1 [NO_MOSTRAR],REAL-DEF,55.92468
2026-04-01,TAP_S.P_P.B.B_066,,REAL-DEF,59.250510000000006
2026-04-01,TAP_S.RAFAEL__066,,REAL-DEF,55.248235
2026-04-01,TAP_SAN_JOSE__110,,REAL-DEF,58.839005
2026-04-01,TAP_STA_MARTA_110,,REAL-DEF,58.937655
2026-04-01,TAP_STA_MARTA_220,BA S/E CENTRAL SANTA MARTA 220KV BP1,REAL-DEF,58.461330000000004
2026-04-01,TAP_TALINAY___220,BA S/E CENTRAL TALINAY ORIENTE 220KV BP1,REAL-DEF,57.85441
2026-04-01,TAP_TRUPAN____220,,REAL-DEF,55.642830000000004
2026-04-01,TAP_VICTORIA__066,BA S/E TAP OFF VICTORIA FFCC 66 kV BP1,REAL-DEF,56.36436
2026-04-01,TAP_VILLASECA_154,,REAL-DEF,56.89424
2026-04-01,TAP_VITACURA__110,,REAL-DEF,58.62762
2026-04-01,TARAPACA______011,BA S/E CENTRAL TARAPACA 11.5KV-TGTAR,REAL-DEF,63.71501
2026-04-01,TARAPACA______013,BA S/E CENTRAL TARAPACA 13.8KV,REAL-DEF,66.04309
2026-04-01,TBARRILES_____220,BA S/E TAP OFF BARRILES 13.2KV,REAL-DEF,61.026160000000004
2026-04-01,TCAPRICORNIO__220,,REAL-DEF,60.563925
2026-04-01,TCBB__________066,BA S/E TCBB 66KV BP1 [EN_REVISION],REAL-DEF,52.415645
2026-04-01,TCERROBALCON__110,BA S/E TAP OFF CERRO BALCON,REAL-DEF,62.731355
2026-04-01,TCHITACK______220,BA S/E TCHITACK 220KV BP1,REAL-DEF,61.902715
2026-04-01,TCHIZA________110,BA S/E TAP OFF CHIZA,REAL-DEF,59.98895
2026-04-01,TCUYA_________013,BA S/E TAP OFF CUYA 13.8KV,REAL-DEF,61.076895
2026-04-01,TCUYA_________110,BA S/E TAP OFF CUYA 110KV,REAL-DEF,61.076895
2026-04-01,TEMUCO________013,BA S/E TEMUCO 13.2KV,REAL-DEF,56.97034
2026-04-01,TEMUCO________023,BA S/E TEMUCO 23KV,REAL-DEF,56.82378
2026-04-01,TEMUCO________066,BA S/E TEMUCO 66kV BP1-1,REAL-DEF,56.85666
2026-04-01,TEMUCO________220,BA S/E TEMUCO 220KV BP1-1,REAL-DEF,56.13888
2026-04-01,TENO1_________154,,REAL-DEF,58.762905
2026-04-01,TENO2_________154,BA S/E TENO 154 kV BP1-S2,REAL-DEF,59.08515666666667
2026-04-01,TENO__________013,BA S/E TENO 13.2KV BP1,REAL-DEF,62.77927
2026-04-01,TENO__________066,BA S/E TENO 66KV BP1,REAL-DEF,60.14115
2026-04-01,TENO__________154,BA S/E TENO 154KV BP1,REAL-DEF,59.673285
2026-04-01,TEN___________220,BA S/E TEN GIS 220KV BP1,REAL-DEF,60.07069
2026-04-01,TERMOPACIFIC__220,BA S/E CENTRAL TERMOPACIFICO 220KV BP1,REAL-DEF,59.49008
2026-04-01,TESORO________023,BA S/E EL TESORO 23KV,REAL-DEF,61.83789
2026-04-01,TESORO________220,BA S/E EL TESORO 220KV BP,REAL-DEF,61.767430000000004
2026-04-01,TIGRE_________220,BA S/E TIGRE 220KV BP1,REAL-DEF,62.53688
2026-04-01,TILCOCO1______154,BA TAP TILCOCO 154KV,REAL-DEF,59.72965
2026-04-01,TILCOCO2______154,,REAL-DEF,59.78602
2026-04-01,TILOS_BULNES__013,"BA S/E LOS TILOS BULNES 13,8KV B1",REAL-DEF,58.3655
2026-04-01,TILOS_BULNES__066,BA S/E BULNES (FFCC) 66KV,REAL-DEF,58.35141
2026-04-01,TINGUIRIRICA__154,BA S/E TINGUIRIRICA 154KV BP1,REAL-DEF,58.83901
2026-04-01,TINGUIRIRICA__220,BA S/E TINGUIRIRICA 220KV BP1,REAL-DEF,58.278125
2026-04-01,TLIBERTADORES_110,BA S/E TAP LIBERTADORES 110 KV BP1,REAL-DEF,58.765725
2026-04-01,TMALPASO______110,BA S/E TAP OFF MAL PASO,REAL-DEF,61.20655
2026-04-01,TMAYACA_______110,,REAL-DEF,57.243735
2026-04-01,TMELON________012,BA S/E TUNEL EL MELON 12kV BP1,REAL-DEF,60.212556666666664
2026-04-01,TMELON________044,BA S/E TUNEL EL MELON 44kV BP1,REAL-DEF,60.2088
2026-04-01,TOCOPILLA_____005,BA S/E TOCOPILLA 5KV,REAL-DEF,58.244305
2026-04-01,TOCOPILLA_____011,BA S/E CENTRAL TOCOPILLA 11.5KV TG1,REAL-DEF,58.96302
2026-04-01,TOCOPILLA_____021,BA S/E CENTRAL TOCOPILLA 21KV-U16,REAL-DEF,57.14227
2026-04-01,TOCOPILLA_____110,BA S/E CENTRAL TOCOPILLA 110KV BP1-2,REAL-DEF,58.238665
2026-04-01,TOCOPILLA_____220,BA S/E CENTRAL TOCOPILLA 220KV BP1,REAL-DEF,58.96302
2026-04-01,TOESTE________220,BA S/E TAP OFF OESTE 220KV [NO_MOSTRAR],REAL-DEF,60.417365000000004
2026-04-01,TOFF.ARICA____110,,REAL-DEF,63.77702
2026-04-01,TOFF.DESALANT_110,BA S/E TAP OFF DESALANT 110KV [NO_MOSTRAR],REAL-DEF,63.283784999999995
2026-04-01,TOFF.DOLORES__023,BA S/E TAP OFF DOLORES 24KV,REAL-DEF,62.32831
2026-04-01,TOFF.DOLORES__110,BA S/E TAP OFF DOLORES 110KV,REAL-DEF,61.77024666666667
2026-04-01,TOFF.GARZAS___220,,REAL-DEF,56.05433
2026-04-01,TOFF.LLANOS___066,BA S/E TAP OFF LLANOS 66KV,REAL-DEF,64.98334
2026-04-01,TOFF.LLANOS___220,BA S/E TAP OFF LLANOS 220KV [NO_MOSTRAR],REAL-DEF,60.44555
2026-04-01,TOFF.MAURO____220,BA TAP OFF MAURO 220KV BP1,REAL-DEF,58.34295
2026-04-01,TOFF.MISTRAL__220,,REAL-DEF,62.32831
2026-04-01,TOFF.PALES____220,BA S/E TAP OFF PALESTINA 220KV [NO_MOSTRAR],REAL-DEF,61.598315
2026-04-01,TOFF.QUIANI___066,BA S/E TAP OFF QUIANI 66KV [NO_MOSTRAR],REAL-DEF,62.63270666666667
2026-04-01,TOFF.QUILLA___220,,REAL-DEF,64.120875
2026-04-01,TOFF.RUCASOL__110,,REAL-DEF,58.33168
2026-04-01,TOFF.SOCOMPA__110,,REAL-DEF,61.96754
2026-04-01,TOFFPAMPALINA_220,,REAL-DEF,61.505305
2026-04-01,TOLPAN________220,,REAL-DEF,54.1913
2026-04-01,TOME__________023,BA S/E TOME 23KV,REAL-DEF,60.67103
2026-04-01,TOME__________066,BA S/E TOME 66KV B1,REAL-DEF,60.80914
2026-04-01,TORQUEMADA____110,BA S/E TORQUEMADA 110kV BP1,REAL-DEF,56.7505
2026-04-01,TOTORALICMP___220,BA S/E TOTORALILLO 220KV BP1,REAL-DEF,60.25389
2026-04-01,TOTORALILLO___110,BA S/E TOTORALILLO 110KV BP1,REAL-DEF,57.76798
2026-04-01,TOTORAL_______012,BA S/E EL TOTORAL 12kV BP1,REAL-DEF,58.81364
2026-04-01,TOTORAL_______066,BA S/E TOTORALILLO 66KV,REAL-DEF,58.61071
2026-04-01,TRAIGUEN______013,BA S/E TRAIGUEN 13.2KV,REAL-DEF,58.28658
2026-04-01,TRAIGUEN______066,BA S/E TRAIGUEN 66KV,REAL-DEF,58.2133
2026-04-01,TRESESQUINAS__013,BA S/E TRES ESQUINAS 13.8KV BP1,REAL-DEF,58.241485
2026-04-01,TRESESQUINAS__066,BA S/E TRES ESQUINAS 066KV,REAL-DEF,58.10056
2026-04-01,TS.GORDA_E____220,BA S/E SIERRA GORDA ETAPA 1 220KV BP1 [NO_MOSTRAR],REAL-DEF,59.32943
2026-04-01,TTAMARUGAL____066,BA TAP OFF TAMARUGAL 66KV,REAL-DEF,63.29224
2026-04-01,TUMBES________015,BA S/E TUMBES 15KV,REAL-DEF,59.1124
2026-04-01,TUMBES________066,BA S/E TUMBES 66KV,REAL-DEF,59.0363
2026-04-01,TUNICHE1______154,,REAL-DEF,60.090419999999995
2026-04-01,TUNICHE2______154,,REAL-DEF,60.025594999999996
2026-04-01,TUNICHE_______015,BA S/E TUNICHE 15KV BP1,REAL-DEF,61.84353
2026-04-01,TUNICHE_______066,BA S/E TUNICHE 66KV BP1,REAL-DEF,61.60114
2026-04-01,TURIBE________110,BA S/E TAP OFF URIBE 110kV BP1,REAL-DEF,61.61241
2026-04-01,TVITOR2_______110,,REAL-DEF,58.91229
2026-04-01,TVITOR________023,BA S/E TAP OFF VITOR N°2 23KV BP1 [EN_REVISION],REAL-DEF,60.009620000000005
2026-04-01,TVITOR________110,BA S/E TAP OFF VITOR [NO_MOSTRAR],REAL-DEF,60.549835
2026-04-01,T_ALTAMIRANO__110,,REAL-DEF,58.382405
2026-04-01,T_LA_CISTERNA_110,,REAL-DEF,59.09831
2026-04-01,T_LO_VALLEDOR_110,,REAL-DEF,58.98557
2026-04-01,T_L_DOMINICOS_110,BA S/E LOS DOMINICOS 110KV BP2,REAL-DEF,58.61916
2026-04-01,T_QUEBRADAS___220,BA S/E TRES QUEBRADAS 220KV BP,REAL-DEF,59.02503
2026-04-01,T_STA_ELENA___110,,REAL-DEF,59.60846
2026-04-01,T_STA_RAQUEL__110,,REAL-DEF,59.05321
2026-04-01,T_S_BERNARDO__110,,REAL-DEF,58.805185
2026-04-01,URIBE_SOLAR___110,,REAL-DEF,62.505875
2026-04-01,URIBE_________023,BA S/E URIBE 23KV,REAL-DEF,62.08216000000001
2026-04-01,URIBE_________110,BA S/E URIBE 110KV BP,REAL-DEF,63.38243
2026-04-01,V.ALEGRE______013,BA S/E VILLA ALEGRE 15KV BP1,REAL-DEF,61.319285
2026-04-01,V.ALEGRE______066,BA S/E VILLA ALEGRE (FFCC) 66KV,REAL-DEF,61.310835
2026-04-01,V.PRAT________013,BA S/E VILLA PRAT 13.2KV,REAL-DEF,67.16767
2026-04-01,V.PRAT________066,BA S/E VILLA PRAT 66KV,REAL-DEF,67.08781333333333
2026-04-01,VALDIVIA______013,BA S/E VALDIVIA (STS) 23kV BP2-S1,REAL-DEF,58.20203
2026-04-01,VALDIVIA______066,BA S/E VALDIVIA (STS) 66KV BP1-S1,REAL-DEF,57.78489
2026-04-01,VALDIVIA______220,BA S/E VALDIVIA 220KV BP1,REAL-DEF,57.539675
2026-04-01,VALLENAR______013,BA S/E VALLENAR 13.8KV BP1,REAL-DEF,59.18474
2026-04-01,VALLENAR______110,BA S/E VALLENAR 110KV BP1,REAL-DEF,58.943295
2026-04-01,VALLE_ESC_____220,BA S/E VALLE ESCONDIDO 220 KV BP1,REAL-DEF,59.49008
2026-04-01,VALPARAISO____013,BA S/E VALPARAISO 12kV BP1,REAL-DEF,56.85102666666666
2026-04-01,VENTANAS______110,BA S/E VENTANAS 110KV BP1-1,REAL-DEF,56.35309
2026-04-01,VENTANAS______220,,REAL-DEF,56.322085
2026-04-01,VERBENAS______220,BA S/E VERBENAS 220kV BP1 [EN_REVISION],REAL-DEF,58.636075
2026-04-01,VICTORIA______013,BA S/E VICTORIA 13.2KV BP1,REAL-DEF,56.443279999999994
2026-04-01,VICTORIA______066,BA S/E VICTORIA 66KV BP1,REAL-DEF,56.35872666666666
2026-04-01,VICTOR_JARA___220,BA S/E VICTOR JARA 220kV BP1 [EN_REVISION],REAL-DEF,63.65018499999999
2026-04-01,VICUNA________013,,REAL-DEF,56.80969000000001
2026-04-01,VICUNA________023,BA S/E VICUÑA 23KV,REAL-DEF,60.15243
2026-04-01,VICUNA________110,BA S/E VICUÑA 110KV BP1,REAL-DEF,60.14115
2026-04-01,VILLARES______012,,REAL-DEF,52.24935
2026-04-01,VILLARES______110,,REAL-DEF,58.05546
2026-04-01,VILLARRICA____066,BA S/E VILLARRICA 66KV,REAL-DEF,58.089285000000004
2026-04-01,VITACURA______013,BA S/E VITACURA 12.5KV BP1,REAL-DEF,58.734719999999996
2026-04-01,Y.BUENAS______013,BA S/E YERBAS BUENAS 13.2kV BP1,REAL-DEF,59.04194
2026-04-01,Y.BUENAS______154,BA S/E YERBAS BUENAS 154KV BP1,REAL-DEF,58.99684
2026-04-01,YARETA________220,BA S/E YARETA 220kV BP1 GIS [EN_REVISION],REAL-DEF,61.265735
2026-04-01,ZALDIVAR______220,BA S/E ZALDIVAR 220KV BP1,REAL-DEF,62.83564
2026-04-01,ZONA_CAIDA____066,BA S/E ZONA DE CAIDA 66KV,REAL-DEF,54.226063333333336
2026-04-01,ZONA_CAIDA____220,BA S/E ZONA DE CAIDA 220KV [NO_MOSTRAR],REAL-DEF,54.84801
2026-04-01,ZONA_CONCE____220,,REAL-DEF,53.88408
