osm_id,osm_type,nombre,amenity,healthcare,lat,lon
274842924,node,Clínica Miraflores,hospital,,-33.0274915,-71.531715
338511118,node,Hospital de Niños,hospital,hospital,-33.5745464,-70.5813935
570751791,node,Sin nombre,hospital,hospital,-33.1397802,-66.5200994
570758408,node,Centro de Salud,hospital,,-32.8779091,-66.8445685
595234316,node,Hospital Dr.Arne Hoygaard,hospital,hospital,-25.1195875,-66.1647596
598367703,node,Sin nombre,hospital,hospital,-29.1583278,-67.5108389
686633486,node,Posta de Salud Rural Villavicencio,doctors,hospital,-35.592968,-71.8894762
965178942,node,Hospital Presbitero Benjamín Olmos,hospital,hospital,-25.3296321,-66.2426964
966044584,node,Hospital de Panguipulli,hospital,hospital,-39.6406778,-72.3424592
1046495427,node,Clínica Adventista,clinic,hospital,-37.4748025,-72.3542111
1132769787,node,Hospital Mutual de Seguridad,clinic,hospital,-35.8437367,-71.5999738
1179204583,node,Hospital Rural Rada Tilly,hospital,hospital,-45.919583,-67.5546674
1281667901,node,Clínica San Francisco,hospital,hospital,-35.4713481,-69.5867195
1333703168,node,Hospital Distrital Las Heras,hospital,hospital,-46.5496237,-68.9224858
1373777946,node,Policlínica,hospital,hospital,-34.6121797,-68.3422308
1374006184,node,Clínica San Rafael,hospital,hospital,-34.6191188,-68.3317103
1374830295,node,Hospital Español,hospital,hospital,-34.6264197,-68.3353028
1374837436,node,Sin nombre,hospital,hospital,-34.6129375,-68.3430598
1383339448,node,Sin nombre,hospital,hospital,-32.9456804,-68.8702115
1446668271,node,Hospital Sanitario Zonal De Tinogasta San Juan Bautista,hospital,hospital,-28.0666212,-67.5689725
1446731578,node,Clínica Virgen del Valle,hospital,hospital,-28.0642757,-67.5622697
1503969687,node,Clínica Central,clinic,hospital,-33.4464549,-70.6441072
1514163029,node,Clinica Española,hospital,hospital,-45.8614857,-67.4833514
1555786296,node,Clínica Marcos Cornejo,hospital,,-33.2067295,-70.6761916
1557455256,node,Hospital Distrital Dr. Oscar H. Natale,hospital,hospital,-46.595471,-70.9217858
1653724220,node,Puesto Sanitario,clinic,hospital,-51.0290615,-70.7782676
1659532637,node,Centro de Salud Nº 34,hospital,hospital,-32.9559401,-69.1956933
1669301184,node,Centro Intrgeal Comunitario,hospital,hospital,-32.6795431,-68.3173129
1713512990,node,Hospital de Huépil Dr. Roberto Muñoz Urrutia,hospital,hospital,-37.240236,-71.9424419
1796556340,node,Hospital Luis Agote,hospital,hospital,-27.6874556,-67.6191152
1796556342,node,Hospital Luis Agote,hospital,hospital,-27.6983601,-67.6223436
1899220607,node,Hospital San José,hospital,hospital,-26.8000677,-66.0687779
1913116575,node,Centro de Salud N°2 Foecyt,hospital,hospital,-32.9358797,-68.8739175
1920813156,node,Hospital Seccional Los Antiguos Dr. Reinaldo Bimbi,hospital,hospital,-46.5483178,-71.6257856
1959608595,node,C.S. Lequepalca,hospital,hospital,-17.6294206,-66.9556258
1959610563,node,Hospital Rafael Pabón,hospital,hospital,-17.981638,-67.1049447
1959612485,node,P.S. Pelca (1er Nivel),hospital,hospital,-20.044708,-66.1678797
1959613554,node,P.S .Viluyo,hospital,hospital,-21.5263926,-66.3408365
1972846588,node,Hospital Santa Filomena de Graneros,hospital,hospital,-34.0671344,-70.7311822
1981207891,node,Posta Sanitaria Rincon,hospital,hospital,-28.2224578,-66.1444487
2001612190,node,Centro de Salud N°15,hospital,hospital,-32.910505,-68.826533
2037066690,node,Clinica Sanatorio Fueguino Del Bicentenario,hospital,hospital,-53.7707137,-67.7099186
2042380043,node,Hospital Barrios Mineros,hospital,,-17.9538713,-67.1173977
2043186009,node,Sin nombre,hospital,hospital,-17.9623136,-67.1106406
2046241305,node,Sanatorio,hospital,hospital,-38.9785023,-67.8233569
2059983207,node,Hospital El Sauce - Guaymallen,hospital,hospital,-32.862954,-68.7446849
2066753195,node,CESFAM Cartagena,clinic,hospital,-33.54678,-71.5986885
2077611334,node,Hospital de Arauco,hospital,,-37.2507861,-73.3176504
2085783025,node,CAPS Las Lomitas,hospital,hospital,-31.4018882,-68.490009
2116146674,node,Sin nombre,hospital,hospital,-31.4392177,-68.5198729
2117188829,node,Hospital Nuestra Señora Del Valle De Angastaco,hospital,hospital,-25.6903543,-66.167205
2128375817,node,Hospital Sanitario Zonal De Belen Dr. Segundo Muñiz,hospital,hospital,-27.6464505,-67.0293052
2130944952,node,Hospital Dr. Nicolas Cayetano Pagano,hospital,hospital,-24.2191257,-66.3225236
2155385567,node,Hospital Meprisa,hospital,hospital,-46.4390379,-67.531023
2156023586,node,CIC Gregores,hospital,hospital,-46.4543826,-67.5273419
2156135738,node,CIC San Cayetano,hospital,hospital,-46.4473372,-67.5390135
2157691107,node,Clinica Santa Cruz,hospital,hospital,-46.4426879,-67.5114978
2157691290,node,CIC Jorge Cépernic,hospital,hospital,-46.4471599,-67.5599807
2157691293,node,CIC Emilio Papousek,hospital,hospital,-46.4646366,-67.5183824
2187553174,node,Hospital Rural El Hoyo,hospital,hospital,-42.0633905,-71.5205183
2191464991,node,CIC Virgen del Valle,hospital,hospital,-46.4494871,-67.5110176
2191492819,node,E.M.C.O.,hospital,hospital,-46.4463313,-67.5212407
2191879117,node,CIC Centenario,hospital,hospital,-46.4570399,-67.5475833
2198217295,node,CIC Centro,hospital,hospital,-46.4377959,-67.5170424
2245231637,node,CIC Huemul,hospital,hospital,-46.7932873,-67.9649946
2290698780,node,Sanatorio Tunuyán S.R.L.,hospital,hospital,-33.5825072,-69.0144895
2290699337,node,Obra Social de Empleados Públicos,hospital,hospital,-33.5826028,-69.0124585
2290825366,node,Instituto Médico S.R.L.,hospital,hospital,-33.5701919,-69.0163905
2341469852,node,CIC Formenti,hospital,hospital,-50.3403266,-72.2701636
2386542660,node,Clínica Dental,hospital,,-34.2696922,-70.9510331
2461182751,node,E.M.R Calle Larga,hospital,,-32.1795559,-70.8115035
2461182752,node,E.M.R Chalaco.,hospital,,-32.1875863,-70.803638
2498531328,node,Sanatorio San Roque,hospital,hospital,-28.0631316,-67.565769
2500819000,node,Hospital Distrital Luis Aldo Motta - Olta,hospital,hospital,-30.6260604,-66.2608425
2540470254,node,Puesto sanitario Aldea Beleiro,hospital,hospital,-45.5532095,-71.5215533
2552640330,node,Mini Hospital de Aconquija,hospital,hospital,-27.4745394,-66.0153625
2556181881,node,Banco Central de Sangre,hospital,hospital,-33.2968433,-66.3182243
2610193842,node,Sala La Florida,hospital,hospital,-33.2674049,-68.4572554
2634732622,node,Centro de Salud 62 Oscar A. de Lellis,hospital,hospital,-33.1453891,-68.4850417
2677240771,node,Hospital Buenaventura Luna,hospital,hospital,-30.1566636,-68.4850661
2680414049,node,Clínica Puerto Montt,hospital,hospital,-41.4587313,-72.9539987
2699438591,node,CIC Padre Mujica,hospital,hospital,-51.5298312,-72.3428438
2783294030,node,CIC Cerro Calafate,hospital,hospital,-50.3502466,-72.2586536
2841897705,node,Sala de Primero Auxilios,hospital,hospital,-45.9412658,-67.5579506
2867814452,node,Hospital Rural de Lago Puelo,hospital,hospital,-42.058797,-71.5975533
2871579524,node,Hospital Laprida,hospital,hospital,-45.8284527,-67.5433168
2929214914,node,Centro de Salud El Altillo,hospital,hospital,-33.0625092,-68.5868742
2929214915,node,Centro de Salud Junín,hospital,hospital,-33.127105,-68.5970858
2929214917,node,Centro de Salud,hospital,,-33.1340592,-68.3892656
2929214918,node,Sin nombre,hospital,hospital,-33.2165324,-68.3819502
2956797616,node,Sin nombre,hospital,hospital,-33.0506776,-68.5652178
3021419712,node,Centro Salud,hospital,hospital,-32.93038,-68.8676828
3021419713,node,Centro Salud,hospital,hospital,-32.9328947,-68.8740438
3021419714,node,Sin nombre,hospital,hospital,-32.938546,-68.8325922
3021419715,node,Sin nombre,hospital,hospital,-32.9578925,-68.840145
3050857760,node,Hospital La Merced de Chimbarongo,hospital,,-34.7014919,-71.0374989
3067751226,node,Clinica del Valle,hospital,hospital,-45.8640138,-67.4945067
3107705765,node,Hospital Rural Rio Mayo,hospital,hospital,-45.6874252,-70.2598936
3140177215,node,Hospital Dr. Alejandro Albarracin,hospital,hospital,-30.6292719,-67.4654711
3203988094,node,Hospital Rural Gastre,hospital,hospital,-42.2650191,-69.22034
3268805316,node,CESFAM Bahía Mansa,clinic,hospital,-40.5866348,-73.7332702
3269109393,node,Hospital Arturo H. Illia - La Paz,hospital,hospital,-33.4584856,-67.5493139
3269527479,node,Hospital Dr. Alfredo Métraux,hospital,hospital,-33.0022721,-68.6443778
3297806869,node,Sala de primeros auxilios,hospital,hospital,-38.9511084,-71.330192
3343199756,node,Centro de Salud,hospital,hospital,-34.580864,-68.5395081
3392791392,node,Puesto Sanitario,hospital,,-42.273381,-67.4040571
3460103148,node,CIC San Julián,hospital,hospital,-49.3098187,-67.7418384
3463611176,node,"Hospital Susques ""Ntra. Sra. de Belén""",hospital,hospital,-23.4003484,-66.3675375
3466724284,node,CIC 28 de Noviembre,hospital,hospital,-51.5930486,-72.2192434
3482154268,node,Hospital Dr. Florencio Vargas Díaz,hospital,hospital,-26.3923345,-70.0522938
3524703604,node,Sanatorio San Juan,hospital,hospital,-31.5426555,-68.5190451
3529531043,node,Clinica El Castaño,hospital,hospital,-31.5333258,-68.5126732
3578627540,node,La Diana,hospital,,-50.2423322,-72.9429781
3591080667,node,Posta Sanitaria,hospital,,-39.7307596,-71.0775202
3592589287,node,UNION VECINAL BELLAVISTA SUR,hospital,hospital,-45.8889799,-67.5833795
3613962729,node,Sin nombre,hospital,hospital,-38.8277203,-68.1005796
3653107842,node,Enfermería,hospital,,-41.7901463,-71.5660472
3708256411,node,Microhospital de Puente de Hierro,hospital,hospital,-32.8632053,-68.6647347
3715206455,node,Posta de Salud de Santa Irene,doctors,hospital,-34.4759729,-71.3102895
3728238827,node,Centro sanitario,hospital,hospital,-47.6508416,-66.0359025
3733860856,node,Hospital Seccional Nonogasta,hospital,hospital,-29.3012961,-67.5049656
3735291240,node,Hospital Barreal,hospital,hospital,-31.6441214,-69.4715737
3740432611,node,Hogar de Ancianos,hospital,hospital,-37.8725875,-67.7891992
3751068658,node,Dispensario Madre Teresa de Calcuta CENIN N°7,hospital,hospital,-51.6370507,-69.1954116
3817865745,node,Salita Bª Bella Vista,hospital,hospital,-42.8999086,-71.3177783
3833602607,node,Centro de Salud - La Lave Nueva,hospital,hospital,-34.6392749,-68.0087985
3846219561,node,Hospital de Niños,hospital,,-18.4139923,-66.5622427
3851769974,node,Clínica Alemana,hospital,hospital,-40.292651,-73.0815823
3989290559,node,Minicentro de Salud Familiar,hospital,,-34.4030816,-71.3667566
4072351450,node,Hospital Distrital Segundo B. Romero - Milagro,hospital,hospital,-31.0070667,-66.0011678
4087070045,node,Asociación Chilena de Seguridad,hospital,hospital,-34.4054692,-70.8581275
4093396727,node,Hospital Rural Isaac Mehaudy - Gobernador Costa,hospital,hospital,-44.0514899,-70.5999183
4094742667,node,Centro de Salud de La Reforma,hospital,hospital,-37.5507214,-66.2275785
4095724158,node,Centro de Salud San Jose,hospital,hospital,-33.299568,-69.1506242
4096270650,node,Centro de Salud de Puelén,hospital,hospital,-37.3428932,-67.6180251
4098699149,node,Posta sanitaria y salón comunitario,hospital,hospital,-40.7558996,-71.1663355
4103920616,node,Centro de Salud Nº061,hospital,hospital,-33.6348201,-69.0627345
4103920617,node,Centro de Salud 061,hospital,hospital,-33.6444668,-69.0683564
4106715154,node,Sala de primeros auxilios,hospital,hospital,-32.9860597,-68.8814354
4110236477,node,"Sala de Primeros Auxilios ""Las Dorcas""",hospital,hospital,-35.0007953,-67.6906281
4111980611,node,Hospital Zonal Luis Pasteur - Chepes,hospital,hospital,-31.3369636,-66.5928953
4112172101,node,Hospital Distrital Santa Rita De Catuna,hospital,hospital,-30.9493469,-66.2206082
4127962216,node,Caja Nacional de Salud Sacaba,hospital,,-17.4021135,-66.0446756
4129582490,node,Hospital Sanitario Zonal Dr. Jose Chain Herrera De Andalgala,hospital,hospital,-27.5882731,-66.3173645
4166631889,node,Base de Emergencias V-Facundo Quiroga,hospital,hospital,-29.3936966,-66.8464554
4166632177,node,Base de Emergencias III - Rucci,hospital,hospital,-29.4126349,-66.8864125
4167760252,node,Sin nombre,hospital,hospital,-32.8473859,-68.7149821
4179332305,node,Centro de salud Municipal,hospital,hospital,-34.6092632,-68.3237623
4197093489,node,Sin nombre,hospital,hospital,-33.7320889,-69.1268041
4211069608,node,Centro de Salud Municipal N° 1 Fuchs,hospital,hospital,-32.9459839,-68.8590628
4211586917,node,Centro de salud Pascual Lauriente,hospital,hospital,-32.91754,-68.7436473
4214586854,node,Hospital Zonal Esquel,hospital,hospital,-42.9179155,-71.3157473
4218151086,node,Consultorios médicos privados,hospital,hospital,-32.9444689,-68.8058253
4218387469,node,F. María de la Salid II,hospital,hospital,-31.3401183,-66.5796381
4226119994,node,Sala de Primeros Auxilios,hospital,hospital,-34.5699098,-68.0679248
4242177664,node,Cardiologia Infantil,hospital,hospital,-32.8909195,-68.8496493
4317695389,node,Hospital Traumatológico de Concepción,hospital,,-36.8239738,-73.0378313
4329445791,node,Hospital Dr. Luis Chrabalowski,hospital,hospital,-32.5939218,-69.3468606
4331322789,node,Policlinica,hospital,,-17.9571224,-67.1070847
4356203975,node,Hospital Doctor Domingo Sicoli,hospital,hospital,-32.7217363,-68.5877413
4357798893,node,Sala de primeros Auxilios,hospital,hospital,-32.6784044,-68.631605
4367587394,node,Instituto de Traumatología,clinic,hospital,-31.5356255,-68.5292775
4372991549,node,"Centro de Salud N° 320 ""Dr. Alberto Castellanos""",hospital,hospital,-34.6627576,-68.3562257
4375151695,node,sala de primeros auxilios,hospital,hospital,-29.1991523,-67.4626976
4375151696,node,sala de primeros auxilios,hospital,hospital,-29.1939449,-67.4639421
4376693536,node,Hospital Rural Epuyén,hospital,hospital,-42.2290009,-71.3721758
4377405882,node,"Centro de Salud Nº 25 ""Monteavaro""",hospital,hospital,-32.8642866,-68.8129166
4379507939,node,Centro de Salud,hospital,hospital,-33.5110082,-69.1354204
4386473389,node,Hospital del Oeste. Dr. Atilio Luccini,hospital,hospital,-33.3095989,-66.3612424
4397221694,node,Hospital De Area Alumine,hospital,hospital,-39.2354921,-70.9131734
4424116969,node,Centro de Salud de El Bosque,hospital,,-31.4433303,-68.2831491
4446310791,node,Ctro. de Salud de Casa de Piedra,hospital,hospital,-38.155301,-67.1493437
4452147100,node,Hospital El Sauce - Guardia,hospital,hospital,-32.8626947,-68.7430622
4456535594,node,Clínica San Fernando,hospital,hospital,-41.1382998,-71.3125211
4459918591,node,Sin nombre,hospital,hospital,-38.7355202,-68.1707377
4473457126,node,salita de primeros auxilios Fenton,hospital,hospital,-51.6082929,-69.2482282
4476496660,node,Sin nombre,hospital,hospital,-33.2247613,-68.3257054
4477444829,node,Hospital Distrital Ramon Linidor Martinez - Vinchina,hospital,hospital,-28.7516518,-68.2049749
4479951733,node,Centro de Salud BªLa Esperanza,hospital,hospital,-38.9483638,-68.2613782
4486027414,node,Sin nombre,hospital,hospital,-32.9563917,-69.1961604
4515200798,node,Hospital Geriátrico Dr. Héctor Elías Gailhac,hospital,hospital,-32.8427392,-68.773486
4590076090,node,C.S. San Juan del Rosario,hospital,hospital,-20.900836,-67.7652205
4635439595,node,Centro de Salud Rumy Campana,hospital,hospital,-17.950578,-67.1252025
4635439619,node,Hospital Centro de Salud Sebastian Pagador de Policias,hospital,hospital,-17.9372094,-67.1160682
4661190224,node,P.S. Urmiri de Quillacas,hospital,hospital,-19.2274381,-66.7205666
4674877588,node,Centro de Salud Lahuachaca,hospital,hospital,-17.3764918,-67.6763248
4674939463,node,C.S.I. Konani,hospital,hospital,-17.4390326,-67.5185227
4674944244,node,PS Panduro (1er Nivel),hospital,hospital,-17.4957512,-67.4428908
4698164295,node,"Centro de Rehabilitación ""Mamá Margarita""",hospital,hospital,-53.7884467,-67.7177828
4699962890,node,Centro de Salud N 14 - Pedro Molina,hospital,hospital,-32.8876258,-68.7930476
4745198011,node,Sala de Salud Tierritas,hospital,,-31.3678828,-68.4400474
4790144723,node,Hospital San José Obrero,hospital,hospital,-17.36093,-66.284298
4806754628,node,CESFAM Pelequén,clinic,hospital,-34.4613779,-70.8943886
4815874433,node,ACHS,clinic,hospital,-33.4868472,-70.6479945
4827565221,node,CSI Escara,hospital,hospital,-18.8579575,-68.1705665
4888646421,node,Puesto sanitario,hospital,hospital,-47.5649309,-71.7434698
4965335916,node,Hospital Materno Infantil Germán Urquidi,hospital,hospital,-17.3864666,-66.1483846
4974170125,node,Sala de Primeros Auxilios de Chuquis,hospital,hospital,-28.8909464,-66.9724683
5025207121,node,C.S. Tolar,hospital,hospital,-17.0073202,-68.0646565
5029651921,node,C.S. Sica Sica (1er Nivel),hospital,hospital,-17.3353567,-67.7430795
5029651923,node,Centro de Salud Lahuachaca,hospital,hospital,-17.3723596,-67.6785038
5029651924,node,Sin nombre,hospital,hospital,-17.3863783,-67.6415509
5031308123,node,Sin nombre,hospital,hospital,-18.3802519,-66.9689989
5033274123,node,P.S. Pazña (1er Nivel),hospital,hospital,-18.5964013,-66.9197554
5046394723,node,Clínica Los Alamos,hospital,hospital,-53.7700555,-67.7087333
5046907522,node,Centro de Salud San Juan del Rosario,hospital,hospital,-20.9014092,-67.7651706
5054115821,node,CENTRO DE SALUD,hospital,,-32.5757349,-68.2699675
5107299358,node,Guardia del Hospital,hospital,hospital,-42.9184752,-71.315783
5107299361,node,Hospital Zonal de Esquel,hospital,hospital,-42.9184163,-71.3166413
5131559952,node,C.S.C.I. de Turco,hospital,hospital,-18.1804979,-68.1936733
5178241660,node,CECOSF Lagunillas,doctors,hospital,-36.9785909,-73.158905
5178241664,node,Posta de Salud Rural Puerto Norte,doctors,hospital,-36.9761781,-73.5285416
5178241665,node,Posta Rural Patagual,doctors,hospital,-37.0110332,-73.0004796
5187401969,node,"Centro de salud ""Barrio Valdivielso""",hospital,hospital,-29.315698,-68.2099683
5213416586,node,Posta de Salud Rural Rucapequén,doctors,hospital,-36.6713468,-72.2797326
5214792108,node,Hospital Buta Ranquil,hospital,hospital,-37.0455534,-69.880078
5223189601,node,C.S.I. Tablachaca (1er Nivel),hospital,hospital,-17.1765292,-67.3380622
5223558429,node,C.S.A. Ulloma Lerco,hospital,hospital,-17.4903242,-68.4891454
5225230621,node,Hospital Materno Infantil Oruro (2do Nivel),hospital,hospital,-17.9601247,-67.1100388
5266101809,node,CAPS Los Overos,hospital,,-35.8815596,-66.4453654
5311210002,node,Puesto de Salud Villa Mar (1er Nivel),hospital,hospital,-21.7553364,-67.4817772
5312182112,node,P.S. Quetena Grande,hospital,hospital,-22.2295538,-67.3578384
5353339449,node,Emergencias,,hospital,-17.3866859,-66.1489138
5390686460,node,Hospital Rural Paso De Indios,hospital,hospital,-43.8637831,-69.0479448
5398419344,node,Unidad de Diagnostico Intensivo,hospital,hospital,-32.8612968,-68.6687035
5413479538,node,Hospital de Aconquija,hospital,hospital,-27.4739743,-66.0145749
5415597156,node,P.S. Real Machacamarca,hospital,hospital,-18.7512201,-67.689548
5416661746,node,P.S. Villa Copacabana,hospital,hospital,-18.3357367,-67.5854804
5418829558,node,C.S. Acasio,hospital,hospital,-18.0241762,-66.0586907
5418843358,node,P.S. Piriquina (1er Nivel),hospital,hospital,-18.0792313,-66.0166096
5443799408,node,P.S. Pata Morochata (1er Nivel),hospital,hospital,-17.2724754,-66.4922005
5446618974,node,Posta de Salud Rural Pocoihuén,doctors,hospital,-41.4959574,-72.3331074
5462892241,node,CS Ayoma (1er Nivel),hospital,hospital,-18.8694284,-66.1491751
5468032820,node,Hospital Doctora Stella Molina,hospital,hospital,-31.5172363,-68.351545
5468326205,node,Hospital de Sañogasta,hospital,hospital,-29.3220819,-67.6030648
5469621433,node,Hospital Distrital Ramon Carrillo - Famatina,hospital,hospital,-28.9218077,-67.5208465
5475821622,node,Sin nombre,hospital,,-17.0906349,-68.0020666
5485607319,node,Hospital Distrital Campanas,hospital,hospital,-28.5520574,-67.6287322
5486815707,node,Sin nombre,hospital,hospital,-28.4568216,-67.1211975
5486917756,node,Hospital Distrital Dr. Osvaldo Polo - Los Robles,hospital,hospital,-28.4260873,-67.1076666
5496910465,node,Base Samu Linares,doctors,hospital,-35.8510138,-71.5908493
5507021484,node,Hospital De Area Andacollo - Dr. Antonio Gorgni,hospital,hospital,-37.1790117,-70.6720501
5526611511,node,Hospital Victorino Tagarelli - San Carlos,hospital,hospital,-33.7745914,-69.0572742
5526611729,node,Sin nombre,hospital,hospital,-33.7313041,-69.1196412
5559440133,node,Sin nombre,hospital,doctor,-17.382682,-66.1477894
5583562346,node,sala de primeros auxilios,hospital,hospital,-33.251461,-66.1795217
5728980820,node,Posta de Salud Rural Radal,doctors,hospital,-38.9858347,-72.3866282
5732485547,node,P.S. Cerrillos (1er Nivel),hospital,hospital,-21.4177693,-66.4849211
5732923234,node,P.S. Challacollo,hospital,hospital,-19.7659262,-68.2636007
5764015055,node,ERI,hospital,hospital,-29.3967424,-66.8423123
5856318087,node,Centro de Salud Sajama,hospital,hospital,-18.1345814,-68.9747932
5866226737,node,Clínica de Cuyo - Consultorios Externos,hospital,hospital,-32.8960632,-68.8407076
5866226746,node,Instituto del Corazón,hospital,hospital,-32.8942134,-68.8454799
5919538197,node,C.S. Keraya (1er Nivel),hospital,hospital,-17.2984619,-66.4584351
5924925881,node,C.S. Icari (1er Nivel),hospital,hospital,-17.0197176,-66.3467313
5947665685,node,Posta de Canteras,doctors,hospital,-37.4028656,-72.0127172
6066384414,node,Centro de Atención Primaria de la Salud El Rincón,hospital,hospital,-31.443662,-68.5442432
6083737092,node,Hospital Rural Diadema Argentina,hospital,hospital,-45.7787611,-67.6693654
6083737098,node,CAPS Centro de Atención Primaria de Salud Barrio Astra,hospital,yes,-45.7277196,-67.4856064
6088885915,node,C.S. Salinas de Garci Mendoza,hospital,hospital,-19.6341787,-67.676422
6091440746,node,Hospital Distrital Dr. Diego Catalan - Ulapes,hospital,hospital,-31.5716765,-66.2333933
6103926279,node,C.S.A. Viscachani,hospital,hospital,-17.1811057,-67.9529526
6137831613,node,P.S. Huerta Mayu,hospital,hospital,-17.6373264,-66.1144577
6152770845,node,Centro Medico Ambulatorio,hospital,hospital,-32.8970337,-68.8030627
6204776121,node,P.S. Cocani (1er Nivel),hospital,hospital,-21.2197236,-66.5518386
6214458727,node,P.S. San Vicente,hospital,hospital,-21.2669272,-66.3135639
6267130596,node,Hospital Rural Corcovado,hospital,hospital,-43.5355002,-71.4726466
6294500942,node,Posta de Salud Rural Río Verde,doctors,hospital,-52.6510584,-71.4635087
6294527578,node,Consultorio Ruiz,hospital,hospital,-31.445934,-68.5183146
6307833788,node,P.S. Carlos Machicao (1er Nivel),hospital,hospital,-19.6981429,-66.571823
6327932975,node,Posta Sanitaria,hospital,hospital,-39.6667735,-70.1407157
6348543786,node,Sanatorio San Jorge,hospital,hospital,-54.8153937,-68.3258252
6376209059,node,CECOSF Ñancul,doctors,hospital,-39.2832398,-72.3078218
6388419950,node,Instituto Materno Infantil,hospital,hospital,-41.1363678,-71.3073273
6456697286,node,Hospital Intercultural Comunitario Pu Mülen de Quilacahuin,hospital,hospital,-40.3679852,-73.2610994
6489349860,node,P.S. La Comuna,hospital,hospital,-17.9062232,-66.4781386
6547831439,node,C.S.I. Umala,hospital,hospital,-17.3729272,-68.021295
6549834144,node,C.S. Macha,hospital,hospital,-18.8182241,-66.0382569
6550015057,node,P.S. Huancarani,hospital,hospital,-18.7344614,-66.1406692
6550086450,node,C.S. Santa Barbara de Pocoata,hospital,hospital,-18.6997632,-66.1670888
6551818614,node,P.S. Crucero Belen,hospital,hospital,-18.2045338,-67.1605837
6551824275,node,C.S.I. Papel Pampa,hospital,hospital,-17.8193283,-67.7705093
6558686153,node,P.S. Japo,hospital,hospital,-17.6942777,-66.7637328
6769432723,node,Estación Médica Rural,doctors,hospital,-33.9561764,-70.6438416
6769725791,node,C.S. Palca,hospital,hospital,-17.1890904,-66.0758377
6769754285,node,C. S. Kaluyo Chico,hospital,hospital,-17.2188556,-66.0822778
6778413842,node,Hospital Regional San Roque,hospital,hospital,-32.6007551,-66.1216557
6846210650,node,Unidad Neumología,,hospital,-17.3951398,-66.2060417
6846214109,node,Servicio de Infectología,,hospital,-17.3945335,-66.2064437
6847593163,node,C.S. Apharumiri (1er Nivel),hospital,hospital,-17.5299114,-66.5209597
6865217812,node,Sin nombre,hospital,hospital,-26.061192,-67.4083681
6866961074,node,P.S. Tapacari,hospital,hospital,-17.5167942,-66.6181935
6899393202,node,P.S. Kollpa Pucho Belen Alto (1er Nivel),hospital,hospital,-17.3665299,-67.5576634
7009112985,node,Clínica RedSalud Santiago,hospital,hospital,-33.457119,-70.7018142
7033555282,node,Sanatorio Ramos Mejia,hospital,hospital,-33.3009555,-66.3413973
7072289574,node,C.S. Yayani,hospital,hospital,-17.211817,-66.6560191
7075988564,node,P.S. Tiquirpaya,hospital,hospital,-17.1145612,-66.7304303
7196191008,node,C.S. San Antonio de Esmoruco,hospital,hospital,-21.9488294,-66.5177239
7204020155,node,Centro De Estudios Digestivos De Mendoza (C.E.Di.M.) Hospital De Día - Capital,hospital,hospital,-32.892202,-68.8320018
7222001487,node,San Agustin de Hipona,hospital,hospital,-17.9774282,-67.1018209
7312966933,node,Posta de Salud Rural,doctors,hospital,-42.7449682,-72.9619138
7312966957,node,Posta de Salud Rural Chulín,doctors,hospital,-42.6303774,-73.0403459
7312966958,node,Posta de Salud Rural Chumeldén,doctors,hospital,-42.5214757,-72.8114177
7357322001,node,C.S. Sabaya,hospital,hospital,-19.0157071,-68.3728202
7357992496,node,P.S. Yunguyo del Litoral,hospital,hospital,-18.8536682,-68.3200174
7361653141,node,Posta Sanitaria de Arbol Solo,hospital,hospital,-36.6365542,-66.4769626
7361653142,node,Posta Sanitaria Arbol de La Esperanza,hospital,hospital,-36.945073,-66.9557905
7365790422,node,P.S. Negrillos (1er Nivel),hospital,hospital,-18.8283572,-68.6105581
7365894857,node,Ctro. de Salud de Chosmalal,hospital,hospital,-36.7822369,-68.1680846
7369196278,node,Centro de Salud Doctor Manuel Perez,hospital,hospital,-36.2306444,-66.9401667
7369208890,node,Centro de Salud de Limay Mahuida,hospital,hospital,-37.1594004,-66.6761298
7373793001,node,P.S. Calama,hospital,hospital,-18.7589763,-67.6767332
7376735332,node,Hospital Rural Cushamen,hospital,hospital,-42.172596,-70.6629724
7376735333,node,Hospital Rural Corcovado,hospital,hospital,-43.540947,-71.469416
7376735335,node,Hospital Rural Las Plumas,hospital,hospital,-43.7218995,-67.2839559
7376735337,node,Hospital Rural Dra Thalina Riasnianski -Rio Pico,hospital,hospital,-44.1808779,-71.365963
7376735338,node,Hospital Rural Rio Senguer,hospital,hospital,-45.0413692,-70.8244891
7376735340,node,Hospital Rural Gualjaina,hospital,hospital,-42.71925,-70.5502393
7385478209,node,Hospital Eva Peron - San Rafael,hospital,hospital,-34.908284,-67.815404
7385478210,node,Micro Hospital Miguel De Andrea - Godoy Cruz,hospital,hospital,-32.915268,-68.865267
7385478211,node,Hospital Fernando Arenas Raffo Santa Rosa,hospital,hospital;yes,-33.2542573,-68.145107
7385695222,node,Hospital Tomás Perón,hospital,hospital,-30.2144355,-69.1442772
7385695223,node,Hospital Doctor Aldo Cantoni,hospital,hospital,-31.3328166,-69.4186585
7385695224,node,Hospital Los Berros,hospital,hospital,-31.9528448,-68.6537851
7387098570,node,Hospital Seccional Villa Mazan,hospital,hospital,-28.6571143,-66.5469081
7387098571,node,Hospital Seccional Anibal Rabaglino - Punta De Los Llanos,hospital,hospital,-30.154315,-66.547886
7387098572,node,Hospital Seccional Pagancillo,hospital,hospital,-29.543745,-68.1019479
7387098573,node,Hospital Zonal Luis Agote - Chamical,hospital,hospital,-30.365881,-66.317415
7387098574,node,Hospital Seccional Victor Pedernera Vichigasta,hospital,hospital,-29.496066,-67.502367
7387098575,node,Hospital Distrital Guandacol,hospital,hospital,-29.526549,-68.5655864
7387098576,node,Hospital Distrital Jose Francisco De La Vega - Tama,hospital,hospital,-30.5058571,-66.529373
7387098577,node,Hospital Zonal San Nicolas - Aimogasta,hospital,hospital,-28.5580258,-66.7927335
7387098578,node,Hospital Seccional Teresa De La Cruz Herrera - Sanagasta,hospital,hospital,-29.282381,-67.020181
7387098579,node,Hospital Distrital Portezuelo,hospital,hospital,-30.8366781,-66.7061126
7387098580,node,Establecimiento Sanitario Distrital Hospital De Chumbicha Dr. Roberto Ramon Carro,hospital,hospital,-28.8541761,-66.2393212
7387098581,node,Hospital Distrital Dr. Jose Florencio Rios - Pituil,hospital,hospital,-28.578297,-67.4671935
7387098582,node,Hospital Seccional Sañogasta,hospital,hospital,-29.321341,-67.601234
7387098583,node,Establecimiento Sanitario Distrital Hospital De Saujil,hospital,hospital,-28.174043,-66.213357
7387098584,node,Hospital Distrital Villa Castelli,hospital,hospital,-29.0127521,-68.2258404
7387114985,node,Hospital Seccional Santa Rosa De Lima - Patquia,hospital,hospital,-30.04704,-66.881563
7404158662,node,Hospital Doctor Juan A Fernandez,hospital,hospital,-25.437007,-66.295153
7404158672,node,Hospital La Poma,hospital,hospital,-24.7253039,-66.200113
7409733232,node,P.S. Untavi (1er Nivel),hospital,hospital,-18.6558357,-67.3549519
7418207148,node,C.S. Toledo (1er Nivel),hospital,hospital,-18.180793,-67.4068334
7427995646,node,P.S. San Pedro de Challacollo,hospital,hospital,-18.0779657,-67.2397869
7439993830,node,C.S.C.I. Cataza Ancaravi,hospital,hospital,-18.4028194,-67.7540855
7455367979,node,C.S. Corque San Juan Bautista,hospital,hospital,-18.3506318,-67.6814934
7472622477,node,C.S. Opoqueri,hospital,hospital,-18.5400713,-67.9034949
7477291882,node,Posta Rural El Coguil,doctors,hospital,-34.2311304,-71.892135
7502004804,node,Sanatorio San Carlos S.A,hospital,hospital,-41.1324686,-71.3207061
7693322182,node,Sin nombre,hospital,hospital,-17.3959363,-66.1547914
7722128589,node,Low Price,hospital,hospital,-33.1632286,-66.3157586
7732138394,node,Posta de Salud Rural Casa de Pesca,doctors,hospital,-42.564296,-72.8243914
7732138397,node,Posta de Salud Rural,doctors,hospital,-42.5168428,-72.7201245
7732138399,node,Posta de Salud Rural Buill,doctors,hospital,-42.4019617,-72.7178462
7732138401,node,Posta de Salud rural,doctors,hospital,-42.3172271,-72.7861068
7732138405,node,Posta de Salud Rural,doctors,hospital,-42.2518971,-72.7445722
7732138407,node,Posta de Salud Rural,doctors,hospital,-42.224413,-72.6906963
7732138411,node,Posta de Salud Rural Talcán,doctors,hospital,-42.7126384,-73.0304772
7732138415,node,Estación Médico Rural,doctors,hospital,-42.7265439,-73.0884899
7732138418,node,Posta de Salud Rural,doctors,hospital,-42.6749983,-73.0805877
7778416398,node,Hospital,hospital,,-32.665219,-66.4500251
7823629389,node,P.S. Huntuta,hospital,hospital,-17.5222129,-67.3259935
7828811404,node,P.S. Río San Pablo,hospital,hospital,-21.6087,-66.7628071
7862962648,node,P.S. Cruz de Huayllamarca,hospital,hospital,-18.7400665,-67.7553504
7903572642,node,Hospital de Día Esperanza,hospital,,-41.1498108,-71.3054352
7907172883,node,Hospital Teodoro J. Schestakow,hospital,hospital,-34.6204332,-68.3255308
8017937686,node,C.S.A. Santiago de Llallagua,hospital,hospital,-17.0241577,-68.2052507
8162398586,node,DocDoc,clinic,hospital,-29.9441987,-71.2418124
8364313785,node,SAR Tierras Blancas,doctors,hospital,-29.9624394,-71.2559784
8376710457,node,Centro de Atencion Primaria de la Salud,hospital,,-33.7567254,-66.6380829
8546386650,node,Clínica OB de Temuco,hospital,hospital,-38.7402622,-72.59118
8546387513,node,Clinica BOK Temuco,dentist,hospital,-38.7402866,-72.5910314
8586833914,node,Clínica Oncológica Cido,doctors,hospital,-38.7345037,-72.6140305
8677836506,node,Posta Sewell,doctors,hospital,-34.084248,-70.3820883
8851001896,node,P.S. Canuta,hospital,hospital,-17.4216418,-68.4769989
8899596939,node,P.S. Calientes (1er Nivel),hospital,hospital,-17.012844,-66.5525862
9001902161,node,Hospital Privado del Colegio Médico de San Juan,hospital,hospital,-31.5360495,-68.5181742
9018342458,node,Hospital Materno Infantil,hospital,hospital,-18.4668882,-66.5622908
9028237693,node,Emergencias,,hospital,-17.3852439,-66.1484096
9034180336,node,Unidad de Hemodiálisis,,hospital,-17.3879114,-66.1500257
9035366542,node,Hospital Clínico Viedma,hospital,hospital,-17.3856306,-66.1484598
9035366552,node,Centro de Información Toxicológica,,hospital,-17.3852246,-66.1483222
9036505621,node,SAPU Ñuñoa,doctors,hospital,-33.4646923,-70.5896879
9085066817,node,Hospital Materno Infantil Lahuachaca,hospital,hospital,-17.3715741,-67.6849225
9107758630,node,CECOSF Cerro Estanque,doctors,hospital,-36.6092335,-72.9451428
9120756598,node,Clínica Regional Elqui,hospital,hospital,-29.9090406,-71.245236
9140610987,node,P.S. Sicaya,hospital,hospital,-17.8006499,-66.3334157
9231084935,node,Hospital del Norte,hospital,hospital,-33.2816074,-66.3446034
9310722709,node,CAPS El Simbolar,hospital,hospital,-30.5489091,-66.0196455
9450338298,node,Cardiología Infantil,hospital,centre,-32.8947534,-68.8444083
9655255545,node,C.S.Chiro K'asa,hospital,hospital,-18.2558026,-66.1908839
9696523143,node,P.S. Calazaya,hospital,hospital,-20.0968262,-66.3776196
9868607959,node,Clínica Santa Clara,hospital,hospital,-31.541761,-68.5251907
9879661981,node,Hospital Madre Obrera,hospital,hospital,-18.4365626,-66.5643932
10000636653,node,UC Christus Plaza América,hospital,hospital,-34.1729699,-70.7159458
10118777737,node,Hospital Modular de Queilén,hospital,hospital,-42.8846043,-73.4720028
10126933100,node,Consultorio Externo,hospital,hospital,-51.5791889,-72.2172448
10203068526,node,P.S. Calavillca,hospital,hospital,-18.9005651,-67.2668413
10253813997,node,Instituto de Seguridad del Trabajo,hospital,hospital,-40.570336,-73.1372982
10316010532,node,P.S. San Antonio Sirarani,hospital,hospital,-17.1561467,-67.0853538
10568655992,node,SAR (Servicio de urgencia de Alta Resolución) Ancud,hospital,hospital,-41.866029,-73.8162828
10578321107,node,P.S. Rio Seco,hospital,hospital,-21.9967233,-66.3318787
10597930933,node,Hospital de El Bolsón,hospital,hospital,-41.965466,-71.5337125
10674286974,node,Zona Sanitaria IV,hospital,hospital,-40.158833,-71.3563734
10688802744,node,Posta de Salud Rural La Tirana,doctors,hospital,-20.3343573,-69.65991
10689590586,node,P.S. Chachacomani,hospital,hospital,-18.3548625,-68.9472573
10708012388,node,C.S.A. Okoruro,hospital,hospital,-17.8670297,-68.7592999
10738771014,node,Clínica de Imágenes del Sur,hospital,hospital,-38.9056796,-70.0673012
11011288125,node,P.S. Bella Vista,hospital,hospital,-19.7991097,-68.5499284
11011611092,node,P.S. Sejcihua,hospital,hospital,-20.1169516,-68.3016895
11034847016,node,P.S. Condor Iquiña,hospital,hospital,-17.4214288,-69.0416679
11048835240,node,P.S. Jancko Marca Sipa,hospital,hospital,-17.1396135,-68.6484769
11071588342,node,CECOSF Tubul,doctors,hospital,-37.2315007,-73.4401238
11079213646,node,C.S.A. Villa El Carmen,hospital,hospital,-17.0601088,-68.1468487
11080224237,node,C.S.I. Carlos Palenque A. de Topohoco,hospital,hospital,-17.1709946,-68.239684
11085008699,node,C.S.A. Quilloma,hospital,hospital,-17.2278241,-68.1243662
11108814605,node,C.S. San Pedro De Curahuara,hospital,hospital,-17.6553242,-68.0485429
11113008587,node,C.S.I. Mollebamba,hospital,hospital,-17.7415001,-67.8300656
11121199619,node,P.S. Huacanapi,hospital,hospital,-17.8613344,-68.0397677
11128879769,node,P.S. Amachuma,hospital,hospital,-17.6279629,-67.3976636
11134235611,node,COSAM Ñuble,doctors,hospital,-36.6080845,-72.095678
11145564953,node,P.S. Machacamarca,hospital,hospital,-17.4516606,-67.5960816
11172535584,node,CESFAM Padre Orellana,clinic,hospital,-33.4663653,-70.6297342
11176586923,node,CESFAM Santa Rosa,clinic,hospital,-38.7344197,-72.572141
11176879520,node,SAPU Doctor Arturo Albertz,doctors,hospital,-33.433265,-70.7317512
11176966755,node,SAPU Garín,doctors,hospital,-33.4303667,-70.7145094
11207915544,node,SAPU Pedro Aguirre Cerda,doctors,hospital,-29.9162271,-71.2187116
11210257722,node,SAR La Estrella,doctors,hospital,-33.437983,-70.7498901
11210283891,node,SAPU La Reina,doctors,hospital,-33.442633,-70.544492
11210287454,node,SAPU Santa Anita,doctors,hospital,-33.4394001,-70.7095636
11210327709,node,SAPU José Alvo,doctors,hospital,-33.5571327,-70.5822792
11210389096,node,CECOSF Andacollo,doctors,hospital,-33.4376288,-70.6062704
11210392480,node,CECOSF Martín Henríquez,doctors,hospital,-33.4988877,-70.6328255
11210403883,node,CECOSF Plaza México,doctors,hospital,-33.4440122,-70.6961471
11225380268,node,Centro Clínico Los Olivos,clinic,hospital,-17.3777098,-66.176356
11226765187,node,Hospital de Queilén,hospital,hospital,-42.890339,-73.4732916
11338795861,node,Hospital Clínico Metropolitano El Carmen Doctor Luis Valentín Ferrada,hospital,hospital,-33.5179175,-70.775111
11373949566,node,Escuela Municipal de Guindo Alto,hospital,hospital,-34.667905,-71.2972185
11373960743,node,Colegio San Gregorio,hospital,hospital,-34.6543617,-71.2580144
11373983707,node,Escuela Municipal de Rincón de Yaquil,hospital,hospital,-34.5613429,-71.4758876
11412741329,node,Hospital Rural Trevelin,hospital,hospital,-43.0915399,-71.4636191
11752157766,node,Puesto Sanitario Rosario,hospital,hospital,-18.6661053,-67.5491795
11845298408,node,P.S. Relave,hospital,hospital,-21.8172121,-66.7413028
11845585654,node,P.S. Kollpani,hospital,hospital,-22.0243801,-66.7861491
11867543773,node,CAPS Virgen del Valle (provincial),hospital,hospital,-46.4507067,-67.5109133
11875237606,node,P.S. Tasna,hospital,hospital,-20.6194583,-66.1858193
11933982603,node,Cruz Roja Requinoa,hospital,hospital,-34.2843801,-70.8166319
11933982614,node,Centro Comunitario de Rehabilitación,hospital,,-34.282831,-70.8154571
11962923111,node,CIS Chicote Grande La Aguada,hospital,hospital,-17.3117974,-66.8698849
11972837119,node,Salud Lourdes,hospital,,-33.0296677,-71.5620989
12023859166,node,Caja Nacional de Salud Agua de Castilla,hospital,hospital,-17.979638,-67.1281858
12031529212,node,Hospital Tomás Perón,hospital,hospital,-30.2160631,-69.1471392
12040274069,node,Caja Nacional de Salud Agua de Castilla,hospital,hospital,-17.979638,-67.1281857
12089810261,node,Puesto Sanitario Rincon de Lobos,hospital,hospital,-42.1023257,-71.5282744
12171001854,node,Centro de Salud de Costa de Araujo,hospital,hospital,-32.7556578,-68.3955196
12184281725,node,Clinica El Castaño - Consultorios Externos,clinic,hospital,-31.5321308,-68.5117587
12186032594,node,CAPS n°8 1ro de mayo,hospital,hospital,-33.3109585,-66.388718
12244136247,node,Emergencias Médicas,hospital,,-31.5400048,-68.5128191
12244136769,node,Consultorios Externos,hospital,,-31.5391274,-68.5142277
12244158780,node,Hospital de Niños Doctor Juan Carlos Navarro,hospital,,-31.5384716,-68.5133836
12244158781,node,Hospital Doctor Guillermo Rawson,hospital,hospital,-31.5394128,-68.5132342
12342752204,node,Hospital Municipal,hospital,,-27.7127898,-67.136619
12507150355,node,CECOSF Aurora,doctors,hospital,-35.493666,-71.5273671
12582551978,node,Cemec,hospital,hospital,-31.5531878,-68.5299564
12690293217,node,C.S. San Pedro de Quemes,hospital,hospital,-20.7472525,-68.050649
12697379522,node,P.S. Santiago de Agencha,hospital,hospital,-20.5867867,-67.6826116
12763038701,node,Centro Modular Sanitario 34,hospital,,-54.5079974,-67.1908107
12796253932,node,C.S.I. Chipaya,hospital,hospital,-19.0404674,-68.0895604
13104391194,node,Hospital de Gualjaina,hospital,,-42.7240777,-70.5373724
13190190705,node,C.S. Vichajlupe,hospital,hospital,-19.252994,-66.7509061
13196924030,node,C.S. de Sevaruyo,hospital,hospital,-19.3625046,-66.8627897
13196924031,node,P.S. Tusqui,hospital,hospital,-19.3842798,-67.023669
13196924068,node,P.S. Vichaj Lupe,hospital,hospital,-19.254662,-66.7538639
13196924091,node,P.S. Castilla Huma,hospital,hospital,-19.1399538,-66.7139785
13196924092,node,C.S. San Pedro de Condo,hospital,hospital,-19.0442786,-66.746367
13196924093,node,C.S. Huari,hospital,hospital,-19.0111662,-66.7765565
13233703471,node,Hospital de Kami (2do Nivel),hospital,hospital,-17.3819112,-66.8177929
13240663542,node,Policlinico CNS Atocha,hospital,hospital,-20.9345896,-66.2210819
13271160707,node,Cruz Roja Chilena,hospital,hospital,-32.7873849,-71.5273227
13334503624,node,P.S. Humamarca,hospital,hospital,-18.2599657,-67.9315616
13335219304,node,C.S.C.I. Choquecota,hospital,hospital,-18.0972106,-67.8967523
13348657388,node,P.S. Lagunas,hospital,hospital,-18.2239287,-68.9371987
13446918204,node,Centro de Salud Alota,hospital,,-21.4019379,-67.6000437
13457038649,node,Sala de Rehabilitación,doctors,hospital,-42.9183016,-72.7109151
13583402307,node,Sin nombre,hospital,,-29.5411859,-68.0969291
13593419408,node,Posta Médica Pargua,hospital,hospital,-41.7911283,-73.4600852
13609416801,node,SAPU Pablo Hurtado,hospital,hospital,-41.4749698,-72.9846177
13624446872,node,C.S.I. Avaroa,hospital,hospital,-18.8736828,-67.5010977
13630658114,node,P.S. Villa Esperanza,hospital,hospital,-18.6943336,-67.796223
13635209697,node,P.S. San Antonio de Nor Kala,hospital,hospital,-18.4224048,-67.9653229
13643533664,node,P.S. Pomata,hospital,hospital,-18.3440844,-67.928314
13644659407,node,C.S.C.I. Belen de Andamarca,hospital,hospital,-18.8165019,-67.6387786
13650371949,node,C.s. Llave Mayu (Arbieto),hospital,hospital,-17.4864768,-66.0952783
13656335732,node,P.S. San Antonio de Lipez,hospital,hospital,-21.7740303,-66.8716662
13656915377,node,P.S. Polulos,hospital,hospital,-21.5053263,-66.6716113
13740854565,node,"Unidad Materno Fetal de Alto Riesgo, Obstétrico y Neonatología",,hospital,-17.3940964,-66.2062094
13740854566,node,Unidad Neurocirugía,,hospital,-17.3939459,-66.2050507
13740866381,node,Unidad Imagenología,,hospital,-17.394085,-66.2050606
13740866384,node,Unidad Nutrición,,hospital,-17.393932,-66.2057478
13740866394,node,Unidad Materno-Infantil,,hospital,-17.3934419,-66.2063471
13740866404,node,Laboratorio Clínico,,hospital,-17.3940885,-66.2052158
13746913012,node,Unidad Patología,,hospital,-17.3941018,-66.2054913
13746913016,node,Morgue,,hospital,-17.3942737,-66.2055221
13746913023,node,Unidad Hemodiálisis,,hospital,-17.3942689,-66.2050715
13746913024,node,Unidad Medicina Física y Rehabilitación,,hospital,-17.3942457,-66.2052289
13751446606,node,Hospital de Dia,doctors,hospital,-42.4701982,-73.7713584
13950561025,node,Sin nombre,hospital,hospital,-38.7349436,-72.6011788
13951234372,node,C.S. Amayapampa,hospital,hospital,-18.4849281,-66.387302
13953183872,node,Instituto Gastroenterológico Boliviano-Japonés,hospital,hospital,-17.386319,-66.1491126
13967294682,node,Hospital del Niño Manuel Ascencio Villarroel,hospital,hospital,-17.3868127,-66.1488114
23393396,way,Hospital Clínico de la Fuerza Aérea de Chile Doctor Raúl Yazigi,hospital,hospital,-33.3964354,-70.5471208
23672826,way,Hospital de la Dirección de Previsión de Carabineros,hospital,hospital,-33.4166889,-70.5278258
31926304,way,Clínica UC San Carlos de Apoquindo,hospital,hospital,-33.4005251,-70.5086486
36977066,way,Clínica Las Condes,hospital,hospital,-33.3845465,-70.5305676
36977067,way,Clínica Tabancura,hospital,hospital,-33.3820224,-70.535363
37356304,way,Clínica Santa María,hospital,hospital,-33.4325853,-70.6286429
40034281,way,Hospital Doctor Gustavo Fricke,hospital,hospital,-33.029696,-71.5421376
41391269,way,Complejo Hospitalario Sótero del Río,hospital,hospital,-33.5765765,-70.57933
41391275,way,Hospital Doctor Luis Tisné,hospital,hospital,-33.5003414,-70.5790405
41764746,way,Hospital del Trabajador,hospital,hospital,-33.4431764,-70.6326985
47202851,way,Hospital de Pichilemu,hospital,hospital,-34.3867722,-72.0136189
51706463,way,Hospital Curacautín,hospital,,-38.4392618,-71.8913313
51834354,way,Clínica Alemana de Osorno,hospital,hospital,-40.5836997,-73.12039
55728770,way,Centro Modular Sanitario N°16,hospital,hospital,-40.1573441,-71.3573578
56177886,way,Hospital Metropolitano,hospital,hospital,-33.4188594,-70.6051128
61958225,way,Hospital Zonal Eleazar Herrera Motta - Chilecito,hospital,hospital,-29.168822,-67.4876691
85361712,way,CDT La Serena - Centro de Diagnóstico y Tratamiento Hospital de La Serena,hospital,hospital,-29.9094916,-71.2476487
85504942,way,Hospital San Juan de Dios de La Serena,hospital,hospital,-29.9082769,-71.2489749
93508922,way,Hospital Regional Malargüe,hospital,hospital,-35.4752838,-69.5895163
95999705,way,"Hospital Pediátrico ""Doctor Humberto Notti""",hospital,hospital,-32.8981833,-68.8044639
96558616,way,Hospital General San Juan de Dios,hospital,hospital,-17.9756718,-67.113935
96772193,way,Hospital de Los Lagos,hospital,,-39.8629908,-72.8100407
97875834,way,Hospital Presidente Carlos Ibáñez del Campo de Linares,hospital,hospital,-35.8443085,-71.5910858
98034818,way,Hospital San José de Melipilla,hospital,hospital,-33.6797804,-71.186818
99264774,way,Clinica de Puerto Varas,hospital,,-41.3191834,-72.9913073
103510709,way,Hospital de Ovalle Doctor Antonio Tirado Lanas,hospital,hospital,-30.5996236,-71.2000879
103593736,way,Hospital Militar de Santiago,hospital,hospital,-33.4501596,-70.5375866
103648187,way,Clínica Río Blanco,hospital,hospital,-32.846065,-70.5861346
103687709,way,Hospital Doctor Ricardo Valenzuela Sáez de Rengo,hospital,hospital,-34.4110211,-70.8529357
103924836,way,Hospital San Juan de Dios Combarbala,hospital,hospital,-31.1753861,-71.0079966
104014750,way,Hopital Salamanca,hospital,hospital,-31.776387,-70.9629603
104025922,way,Hospital San Pedro Los Vilos,hospital,,-31.9155976,-71.5127787
104049301,way,Hospital San Juan de Dios de San Fernando,hospital,hospital,-34.5756894,-70.9924106
106121250,way,Hospital San Vicente de Tagua Tagua,hospital,hospital,-34.441214,-71.0808964
107969490,way,Hospital de Peñaflor,hospital,hospital,-33.6101865,-70.9037623
108261881,way,Hospital de Curepto,hospital,hospital,-35.0931315,-72.0209283
109908250,way,Clínica Biobío,hospital,hospital,-36.7889785,-73.0636592
111359823,way,Clínica Dial Vida,hospital,hospital,-27.3667748,-70.3271101
111372988,way,Hospital Regional de Copiapó San José del Carmen,hospital,hospital,-27.3737655,-70.3222655
111708175,way,Clínica Isamédica,hospital,hospital,-34.1861849,-70.7228656
111708186,way,Hospital Clínico FUSAT,hospital,,-34.1880624,-70.7204604
112370769,way,San Felipe El Real,hospital,hospital,-32.7593454,-70.7253002
112468738,way,Hospital San Juan de Dios de Los Andes,hospital,hospital,-32.8288862,-70.5966887
113308134,way,Hospital Clínico Regional Doctor Guillermo Grant Benavente,hospital,hospital,-36.8249351,-73.0382352
113509743,way,Hospital Las Higueras,hospital,,-36.7405955,-73.1093819
114874530,way,Hospital Doctor Ernesto Torres Galdames Iquique,hospital,hospital,-20.2144021,-70.1372968
115359188,way,Posta de salud rural huelquén,doctors,hospital,-33.8327766,-70.6432918
115512963,way,Santa Catalina,hospital,,-33.8123006,-70.7419339
115791276,way,CESFAM Pencahue,clinic,hospital,-35.3977556,-71.7979074
116342046,way,Hospital Dr. Leopoldo Ortega Rodríguez,hospital,hospital,-46.5415265,-71.7245959
116377773,way,Hospital de San Carlos Dr. Benicio Arzola Medina,hospital,hospital,-36.4296658,-71.959707
116394783,way,Hospital de Molina,hospital,,-35.1080043,-71.296015
116515388,way,Hospital Intercultural Kallvu Llanka de Cañete,hospital,hospital,-37.7821509,-73.3858553
116945113,way,Hospital de Quellón Doctor Eduardo Ahues,hospital,hospital,-43.1148192,-73.6171313
117148295,way,CESFAM Cabrero Lautaro Cáceres Ramos,clinic,hospital,-37.0382258,-72.3983276
121020882,way,Hospital de Mulchen,hospital,hospital,-37.7200105,-72.2406567
121138661,way,Hospital Provincial de Arauco Dr. Rafael Avaria Valenzuela,hospital,hospital,-37.4734792,-73.3480268
122274744,way,Hospital Clinico de Magallanes Doctor Lautaro Navarro,hospital,hospital,-53.1221178,-70.8963282
123041283,way,Centro de Salud Mental Comunitaria del Hospital Biprovincial Quillota,hospital,hospital,-32.8793453,-71.2574378
124777279,way,Hospital de Nancagua,hospital,hospital,-34.6495844,-71.2044001
125192571,way,Hospital de Río Bueno,hospital,hospital,-40.3348749,-72.9502896
125391491,way,Hospital de Puerto Octay,hospital,hospital,-40.9724853,-72.8831616
126614190,way,Hospital San José de Coronel,hospital,hospital,-37.0286061,-73.1360454
128031984,way,Hospital Regional de Valdivia,hospital,hospital,-39.8316668,-73.2399747
129016380,way,Hospital Universitario,hospital,hospital,-32.8677088,-68.8542138
129016386,way,Hospital Luis C. Lagomaggiore,hospital,hospital,-32.8722449,-68.8648538
133830781,way,Clínica San Lorenzo,hospital,hospital,-26.2452453,-69.6312095
134018398,way,Hospital de Purranque Doctor Juan Hepp Dubiau,hospital,hospital,-40.9138763,-73.1542458
134120503,way,Clínica RedSalud Magallanes,hospital,clinic,-53.1375498,-70.8874697
135176108,way,Hospital de Purén,hospital,hospital,-38.0386678,-73.0751692
135323749,way,Cesfam de Tongoy,clinic,hospital,-30.257798,-71.4916073
135537759,way,Clínica Alemana de Temuco,hospital,hospital,-38.7366632,-72.610734
135548253,way,Hospital Comunitario de Tocopilla Marcos Macuada,hospital,hospital,-22.0885056,-70.1926867
135783771,way,Hospital San José de Melipilla,hospital,hospital,-33.6955381,-71.2146726
136018355,way,Filial Cruz Roja Valdivia,clinic,hospital,-39.8162383,-73.2388614
138279979,way,Hospital Zonal Alvear,hospital,hospital,-45.8343754,-67.4624374
139570058,way,Hospital de Ancud,hospital,hospital,-41.8652256,-73.8235995
139762987,way,Clínica Andes Salud Puerto Montt,hospital,,-41.4773493,-72.9143978
139980446,way,Hospital de Frutillar,hospital,hospital,-41.1380647,-73.031446
144767434,way,Hospital del Cobre Salvador Allende Gossens,hospital,hospital,-22.4536466,-68.9087405
144924895,way,Hospital Base San Jose de Osorno,hospital,,-40.5879384,-73.1278727
145481478,way,Hospital Militar del Norte,hospital,hospital,-23.6666163,-70.4014957
145488014,way,Hospital Clínico Universidad de Antofagasta,hospital,hospital,-23.6591215,-70.3956536
147223050,way,Hospital Clínico Herminda Martín,hospital,hospital,-36.6096249,-72.0912283
148441624,way,Hospital de Paillaco,hospital,,-40.0715644,-72.866378
149021257,way,Hospital San Agustín de La Ligua,hospital,hospital,-32.4502966,-71.2381227
149722965,way,Consultorio/ SAPU Pedro Jauregui,doctors,hospital,-40.5729985,-73.158316
149924720,way,Hospital San Camilo,hospital,hospital,-32.7491248,-70.7093006
150120986,way,Hospital de Nueva Imperial,hospital,hospital,-38.7404086,-72.9585223
150133317,way,ACHS Clínica del Trabajador,hospital,,-36.6152857,-72.1071227
150133321,way,Clínica Andes Salud Chillán,hospital,hospital,-36.6154044,-72.1076709
150376141,way,Hospital de Futaleufú,hospital,hospital,-43.1832517,-71.8690476
150435042,way,Hospital Regional Dr. Franco Ravera Zunino,hospital,hospital,-34.1548995,-70.7665584
150951540,way,Hospital Adriana Cousiño,hospital,hospital,-32.7793102,-71.531107
151478680,way,Hospital de Puerto Saavedra,hospital,hospital,-38.7993772,-73.3926632
151514391,way,Hospital de Pitrufquén,hospital,hospital,-38.9895804,-72.6440879
154083951,way,Hospital Metropolitano El Carmen Doctor Luis Valentín Ferrada,hospital,hospital,-33.5080114,-70.7741814
155060961,way,Hospital San Luis de Buin,hospital,,-33.7345807,-70.7395648
156889147,way,Sanatorio Regional,hospital,hospital,-33.031944,-68.8777934
157653648,way,Centro de Especialidades Médicas UC,hospital,hospital,-33.4423738,-70.6399051
157755853,way,Centro Médico UC San Joaquín,clinic,hospital,-33.4970631,-70.6149034
158966573,way,Centro Regional de Hemoterapia,hospital,hospital,-32.8915271,-68.8318762
158966705,way,Fundación Escuela Medicina Nuclear (FUESMEN),hospital,hospital,-32.8914659,-68.8328249
159398359,way,Hospital Salomon Klein,hospital,hospital,-17.3829854,-66.1098554
160442271,way,Hospital Obrero N° 2,hospital,hospital,-17.394107,-66.2056963
160442273,way,Hospital Elizabeth Seton,hospital,hospital,-17.394148,-66.2039235
161293568,way,Hospital de Chañaral Doctor Jerónimo Méndez Arancibia,hospital,hospital,-26.3470782,-70.6173066
161789404,way,Hospital Santa Isabel de Lebu,hospital,hospital,-37.6102379,-73.659724
161858246,way,SAR Lautaro,doctors,hospital,-38.5262477,-72.4399919
163764107,way,Hospital Jose N. Lencinas - Godoy Cruz,hospital,hospital,-32.903421,-68.8711607
167812985,way,CESFAM Teodoro Schmidt,clinic,hospital,-38.9963727,-73.0887257
169336957,way,Hospital Militar,hospital,hospital,-32.8794343,-68.8610827
169402659,way,Hospital San Francisco de Pucón,hospital,hospital,-39.2788409,-71.9742366
169465034,way,Hospital Juan Morey,hospital,hospital,-40.2845824,-73.0760795
169499715,way,Hospital de Puerto Aysén,hospital,hospital,-45.4086188,-72.6840969
170742782,way,Hospital de Cauquenes,hospital,hospital,-35.9701353,-72.3270182
170744720,way,Hospital San Juan de Dios de Cauquenes,hospital,hospital,-35.9625894,-72.3249075
172470671,way,Cruz Roja,hospital,hospital,-53.1617699,-70.9002039
173799862,way,Hospital Doctor César Aguilar,hospital,hospital,-31.6510939,-68.2733595
174379646,way,Hospital Juana Ross de Edwards,hospital,,-33.0387065,-71.356689
174857952,way,Clínica Dental Universidad de Chile,hospital,hospital,-33.4229197,-70.6513476
175150076,way,Hospital de Gorbea,hospital,,-39.1057761,-72.6681779
178201019,way,Hospital Cruz del Norte,hospital,hospital,-22.3414947,-69.6653294
178480585,way,Hospital de Área Programa Plottier,hospital,hospital,-38.94928,-68.2283179
179080452,way,Hospital de Contulmo,hospital,,-38.0199908,-73.2319146
179194489,way,Hospital Juan G. Las Heras - Tupungato,hospital,hospital,-33.3640489,-69.1472635
180646078,way,CESFAM Doctor Osvaldo Ruz Orrego De Machalí,clinic,hospital,-34.1802141,-70.6515816
180955998,way,Hospital Español,hospital,hospital,-32.9150573,-68.8441357
181156967,way,Hospital de Victoria,hospital,hospital,-38.2343472,-72.3407567
183581546,way,Coaniquem,doctors,hospital,-23.5567883,-70.3918922
184692506,way,Hospital de San Luis,hospital,hospital,-33.2966417,-66.3192899
184699521,way,Hospital Naval de Talcahuano,hospital,hospital,-36.6912507,-73.1134981
185100546,way,Hospital Clínico Mutual de Seguridad,hospital,hospital,-33.4571245,-70.7007123
185100548,way,Clínica Bicentenario,hospital,hospital,-33.4577463,-70.7014377
186171381,way,"Centro de Salud N°91 ""Colonia de Rosas""",hospital,hospital,-33.6075291,-69.1061837
187039360,way,Sin nombre,hospital,hospital,-38.9600758,-68.0975215
187405894,way,Centro de Salud 149 Doctor Ramón Carrillo,hospital,hospital,-32.9227108,-68.8649851
188221354,way,Hospital El Carmen,hospital,hospital,-32.9275217,-68.8601306
189011024,way,Hospital de Santa Cruz,hospital,hospital,-34.6346188,-71.3571022
189422564,way,Hospital Italiano,hospital,hospital,-32.8962801,-68.8215175
189838257,way,Centro Médico PIAP,hospital,hospital,-39.1038523,-68.5995534
190792992,way,"Centro de Salud N°29 ""Villa Jovita""",hospital,hospital,-32.9064671,-68.8622027
191621456,way,Hospital Santa Bárbara,hospital,hospital,-37.6678975,-72.0166457
193123627,way,"Hospital de Área Chos Malal ""Doctor Gregorio Álvarez""",hospital,hospital,-37.3815325,-70.273885
193600675,way,Hospital San Borja Arriarán,hospital,hospital,-33.4610077,-70.641455
193760181,way,Hospital Padre Hurtado,hospital,hospital,-33.5523314,-70.6350792
194212219,way,"Hospital de Área Programa Allen ""Doctor Ernesto Accame""",hospital,hospital,-38.9815391,-67.8186223
195667890,way,Clínica Bupa Antofagasta,hospital,hospital,-23.6540209,-70.4016096
196682931,way,Hospital Regional de Arica Doctor Juan Noé Crevani,hospital,hospital,-18.4829829,-70.3129158
197537391,way,Hospital de Arauco,hospital,hospital,-37.2509594,-73.3184941
197579309,way,Hospital de Traiguén Doctor Dino Stagno Maccioni,hospital,hospital,-38.2427742,-72.6716037
197800172,way,Clínica Dávila,hospital,hospital,-33.4274125,-70.6481912
198250988,way,Hospital Naval Ushuaia.,hospital,hospital,-54.8029207,-68.2990516
199523623,way,Hospital de Lanco,hospital,,-39.4521241,-72.7684673
199840843,way,Hospital Claudio Vicuña,hospital,hospital,-33.5889861,-71.6093423
200088569,way,Clínica San Antonio,hospital,hospital,-33.5807344,-71.6082377
200179898,way,Clínica Santa Clara,hospital,hospital,-32.9158306,-68.8456798
201503514,way,"Hospital Zonal General Roca ""Doctor Francisco López Lima""",hospital,hospital,-39.0211159,-67.5728371
201664909,way,Hospital Illapel,hospital,,-31.6345989,-71.1737142
204831143,way,Hospital de Cunco,hospital,hospital,-38.9309238,-72.0375628
205571358,way,Hospital Zonal De Caleta Olivia Padre Jose Tardivo,hospital,hospital,-46.444394,-67.5113224
205631036,way,CIC Gobernador Gregores,hospital,hospital,-46.454384,-67.5273552
207655788,way,Hospital de Quilpué,hospital,hospital,-33.052024,-71.4339538
207694367,way,Hospital de Talagante,hospital,hospital,-33.6676822,-70.9198808
214360457,way,Hospital Diego Paroissien - Maipu,hospital,hospital,-32.9812872,-68.7829034
215107096,way,Hospital Distrital Dr. Guillermo Hubertus Carlos Kuester,hospital,hospital,-46.7971922,-67.9599577
217378793,way,Hospital Univalle,hospital,hospital,-17.4214309,-66.1328643
218457589,way,Hospital R. Civil,hospital,hospital,-38.6243506,-68.2973199
219154104,way,Aldo Motta,hospital,hospital,-30.626003,-66.2607344
219433289,way,Centro de Salud Nº 11,hospital,hospital,-32.9049979,-68.8083931
221314638,way,Centro de Pediatría Albina Rodrigues de Patiño,hospital,hospital,-17.3946732,-66.1495738
222403435,way,Hospital El Pino,hospital,hospital,-33.584746,-70.6747495
223902926,way,Hospital Psiquiatrico El Peral,doctors,hospital,-33.5753356,-70.5494533
223990111,way,SAMU,hospital,hospital,-36.8248986,-73.0363441
225195036,way,Hospital Andrés Cushieri,hospital,hospital,-17.3853585,-66.2399415
225237053,way,Hospital San José de Dios de Curicó,hospital,,-34.9898278,-71.2360671
226825198,way,Centro Integral de Medicina Familiar Quillacollo,hospital,hospital,-17.3926486,-66.2569671
230227822,way,Sociedad Española de Socorros Mutuos,hospital,hospital,-32.8891414,-68.8320711
230964512,way,Hospital Doctor Carlos Pereyra (Neuropsiquiátrico),hospital,hospital,-32.8704416,-68.8287481
231085589,way,Hospital de Ilo,hospital,hospital,-17.6531016,-71.3375145
231406777,way,Hospital Corporación de Seguro Social Militar 1,hospital,hospital,-17.3790589,-66.1449748
232168181,way,Hospital del Salvador,hospital,hospital,-33.4373721,-70.624016
232250710,way,Hospital del Trabajador de Temuco ACHS,hospital,hospital,-38.7335774,-72.6097868
232675336,way,Centro de Salud,hospital,hospital,-33.6020784,-69.3817964
234509765,way,Clínica Lo Curro,hospital,hospital,-33.3792529,-70.5827187
234619660,way,Clínica Los Carrera,hospital,hospital,-33.0488585,-71.4365073
234844823,way,Hospital Regional de Antofagasta,hospital,hospital,-23.6165321,-70.3870759
235870147,way,Hospital Ministro Doctor Ramón Carrillo,hospital,hospital,-32.8512451,-68.8144355
236787213,way,Hospital de Área Programa Cervantes,hospital,hospital,-39.0536018,-67.3960451
238616590,way,Hospital General Doctora Julieta Lanteri - El Zonda,hospital,hospital,-31.552829,-68.6524018
242265604,way,Centro Médico Andes Salud Concepción,clinic,hospital,-36.8010267,-73.0730836
243232741,way,Hospital Escuela Maria De Fatima,hospital,hospital,-29.4334605,-66.8614631
243306866,way,Hospital Regional Enrique Vera Barros - Capital,hospital,hospital,-29.4135746,-66.834993
243306867,way,Hospital de la madre y el niño,hospital,hospital,-29.4308448,-66.8422413
243306913,way,Sin nombre,hospital,hospital,-29.4137056,-66.8425129
244279890,way,Centro de Salud 115,hospital,hospital,-34.8429198,-67.7669741
244686111,way,Posta Sanitaria Palermo Chico,hospital,,-34.8907177,-67.728361
244686216,way,Posta Sanitaria Dr Vicente Marelli,hospital,hospital,-34.839861,-67.7572724
245861178,way,Hospital Doctor Mario Sánchez Vergara,hospital,,-32.7922529,-71.2048413
245970130,way,Hospital Teodoro J. Schestakow - San Rafael,hospital,hospital,-34.6200977,-68.3252993
246567541,way,Hospital Municipal de Colcapirhua,hospital,hospital,-17.3932719,-66.2276998
246745940,way,Hospital México,hospital,hospital,-17.4004081,-66.0349068
246793901,way,Hospital Regional Antonio J. Scaravelli,hospital,hospital,-33.5756509,-69.0098553
247162174,way,Centro Medico Imagen Salud,clinic,hospital,-34.5865445,-70.9905759
247276405,way,Hospital Regional Nuestra Señora De La Candelaria,hospital,hospital,-53.7820634,-67.6991287
251075037,way,Hospital Doctor Hernán Henríquez Aravena,hospital,hospital,-38.7360009,-72.5989454
252291107,way,Posta Salud Rural Las Dichas,doctors,hospital,-33.2905184,-71.5013575
254573900,way,Mini hospital,hospital,hospital,-34.8301694,-67.9245333
255092699,way,Hospital Puerto Montt Dr. Eduardo Schütz Schroeder,hospital,hospital,-41.4474467,-72.9572347
255486454,way,José Eduardo Perez,hospital,hospital,-20.4581497,-66.8175754
255486515,way,Clínica Sumaj Rijchariy,hospital,hospital,-20.4638755,-66.8300574
255486706,way,Hospital Obrero No. 12,hospital,hospital,-20.4576233,-66.8292773
255679318,way,Hospital Carlos F. Saporiti - Rivadavia,hospital,hospital,-33.1969871,-68.4607829
255713841,way,Clínica de Cuyo,hospital,hospital,-32.8953485,-68.8399114
255796613,way,Clínica Hospital del Profesor,hospital,hospital,-33.4576668,-70.7025158
256302004,way,Hospital Geriátrico La Paz de la Tarde,hospital,hospital,-32.9887721,-71.2779379
257323666,way,Hospital De Área Villa La Angostura Doctor Oscar Arraiz,hospital,hospital,-40.7709065,-71.6503127
257632279,way,Hospital Doctor Abel Fuentealba Lagos,hospital,hospital,-35.5907088,-71.7375802
258114562,way,Hospital “Dra. María Juliana Becker”,hospital,hospital,-33.1863587,-66.3094143
262147750,way,Fundación Gantz -Hospital de Niños con Fisuras,hospital,hospital,-33.4377243,-70.7480196
263215637,way,Hospital Regional de Coyhaique,hospital,hospital,-45.5682171,-72.0743801
264042755,way,Hospital San Martin de Porres,hospital,hospital,-18.2794045,-66.8492145
264669448,way,Clínica Andes Salud Concepción,hospital,hospital,-36.8002828,-73.0713979
266874383,way,Subsecretaría de Salud de la Provincia del Neuquén,hospital,hospital,-40.1593683,-71.3565664
269016352,way,Hospital de Calbuco,hospital,hospital,-41.7700938,-73.1329454
277736822,way,Hospital II Ilo,hospital,hospital,-17.6423463,-71.342315
285752592,way,"Hospital Zonal Ingeniero Jacobacci ""Doctor Rogelio Cortizo""",hospital,hospital,-41.3311341,-69.5453802
285820756,way,CONIN,hospital,hospital,-32.8327792,-68.8158857
292007598,way,Clínica de la Asociación Chilena de Seguridad ACHS Puerto Montt,hospital,hospital,-41.4690443,-72.9335667
292909269,way,Centro de Salud de Machacamarca,hospital,hospital,-18.1711031,-67.0176355
296582952,way,"Hospital de Área Programa Los Menucos ""Doctor Néstor Perrone""",hospital,hospital,-40.849645,-68.0905075
305154457,way,Hospital Jose Giordano,hospital,hospital,-31.4385677,-68.5136766
305790624,way,Hospital Regional Río Gallegos Santa Cruz,hospital,hospital,-51.6284183,-69.220264
305909684,way,Hospital Distrital Doctor Ramón Eraso Santa Paul,hospital,hospital,-48.7548163,-70.2452699
307633936,way,Hospital de Niños Calvo Mackenna,hospital,hospital,-33.4298475,-70.6146263
310010080,way,Inmunomédica,hospital,,-35.4245005,-71.6712201
310246566,way,Clínica del Maule,hospital,,-35.4234447,-71.6532351
312439225,way,Hospital Obrero,hospital,hospital,-17.9571467,-67.1127364
312871166,way,Hospital de Chaitén Doctor Pedro Jiménez Romero,hospital,hospital,-42.9187228,-72.7102059
313465156,way,Hospital de Área Programa El Chocón,hospital,hospital,-39.2603325,-68.7770312
313588835,way,CESFAM/ SAPU Raúl Brañes,clinic,hospital,-33.5987245,-70.6802591
313818927,way,Hospital De Area Bajada Del Agrio,hospital,hospital,-38.4066964,-70.0332497
316476333,way,Hospital del Cerro,hospital,hospital,-33.2708346,-66.3076756
316583285,way,Hospital Departamental Hipolito Unanue de Tacna,hospital,hospital,-18.0150035,-70.255459
317070677,way,Posta de Salud Rural Contuy,hospital,hospital,-42.8352977,-73.6045319
317687409,way,Hospital de Área Programa El Cholar,hospital,hospital,-37.4410293,-70.6457726
317745754,way,Hospital Rural Gan Gan,hospital,hospital,-42.5223297,-68.2871122
319091039,way,Clínica Cordillera,hospital,,-33.4255306,-70.5503935
319292420,way,Hospital de Área Programa Campo Grande,hospital,hospital,-38.6823225,-68.2110051
320605399,way,Sin nombre,hospital,hospital,-32.8440611,-68.8697217
326156855,way,Hospital de Área Programa El Bolsón,hospital,hospital,-41.9656976,-71.5333954
326375724,way,Hospital de Palena,hospital,,-43.6175798,-71.8081799
332224077,way,Clínica Valparaíso,hospital,hospital,-33.0453064,-71.6111178
332925921,way,Hospital Comunitario Pichidegua,hospital,hospital,-34.3593381,-71.2831152
333200524,way,Clínica Integrada de Salud Univeridad Autónoma,hospital,,-38.7330314,-72.6187405
335255372,way,Clínica Fleming Arica,hospital,hospital,-18.4688723,-70.301446
338370077,way,SAPU El Aguilucho,doctors,hospital,-33.443186,-70.5977606
342881682,way,Hospital Regional de Ñuble,hospital,hospital,-36.6192142,-72.117857
345663137,way,Hospital Doctor Augusto Essmann Burgos,hospital,hospital,-51.7303833,-72.5065668
346598959,way,Hospital Enfermeros Argentinos - General Alvear,hospital,hospital,-34.9740829,-67.6980229
348348912,way,Hospital Harry Williams,hospital,hospital,-17.4198831,-66.1469041
348505311,way,Instituto Oncológico Nacional,hospital,hospital,-17.3524723,-66.2002272
353338652,way,Hospital Sanitario Zonal De Santa Maria Dr. Luis Alberto Vargas,hospital,hospital,-26.6971958,-66.0464423
358697198,way,Hospital Doctor Marcial Vicente Quiroga,hospital,hospital,-31.5299839,-68.5967783
362320529,way,Hospital de Llanquihue,hospital,hospital,-41.2567399,-73.0101686
363467461,way,Sin nombre,hospital,,-31.541778,-68.5248863
369030690,way,Hospital Meprisa,hospital,hospital,-46.4391038,-67.5309934
369091509,way,Hospital Subzonal El Maitén,,hospital,-42.0455311,-71.1744738
369320883,way,salita Barrio Badén,hospital,hospital,-42.916512,-71.2953591
369546346,way,Hospital Alfredo Ítalo Perrupato,hospital,hospital,-33.0800076,-68.4882057
370132773,way,Centro de Salud Ramón Kuester,hospital,,-46.5608146,-67.6080595
370734198,way,Consultorio/ SAPU El Roble,doctors,hospital,-33.5639701,-70.6476488
372539289,way,Hospital Doctor Héctor Reyno,hospital,hospital,-20.2870911,-70.1038435
372628629,way,Sin nombre,hospital,hospital,-33.0901083,-68.4802897
374583003,way,Posta Salud Rural Caleta Andrade,doctors,hospital,-45.1533708,-73.5101928
378687639,way,Hospital de Área Programa Cinco Saltos,hospital,hospital,-38.8200185,-68.0608642
379623449,way,Hospital Doctor Jorge Ibar,hospital,hospital,-44.726271,-72.6806749
381420965,way,Centro Medico de Catavi,hospital,hospital,-18.4131797,-66.5618538
385859526,way,Cruz Roja,doctors,hospital,-32.987104,-71.2766799
389213110,way,Hospital Sanatorio Marítimo San Juan de Dios,hospital,hospital,-32.9946871,-71.5206309
389909377,way,Hospital San José de Parral,hospital,,-36.1417311,-71.813737
391682112,way,Centro Oncológico del Norte - Antofagasta,clinic,hospital,-23.5698847,-70.3789747
391957132,way,CESFAM Las Américas,clinic,hospital,-35.4036899,-71.6474514
395297837,way,CESFAM Antonio Varas,clinic,hospital,-41.4611446,-72.9295793
397076950,way,Consultorio Andrés Sandoval Calderón,clinic,hospital,-38.9863671,-72.2471408
398788210,way,Hospital Rural Cholila,hospital,hospital,-42.5113515,-71.433391
400710876,way,CESFAM Conunhuenu,clinic,hospital,-38.7742828,-72.5971993
404086571,way,Dr. Alfredo Rizo Esparza,hospital,hospital,-31.45133,-68.4032587
404789962,way,Hospital Clínico Félix Bulnes,hospital,hospital,-33.4238712,-70.7417692
406851969,way,Hospital Militar Comodoro Rivadavia,hospital,hospital,-45.7960273,-67.4287873
407723201,way,Hospital de Área Junín de los Andes,hospital,hospital,-39.9484702,-71.076745
408479327,way,Hospital III Daniel Alcides Carrión,hospital,hospital,-17.9796976,-70.2042498
409899200,way,"Hospital de Área ""Gabino Sagredo""",hospital,hospital,-37.0509272,-69.877576
413771180,way,Hospital Clínico Metropolitano de La Florida Doctora Eloísa Díaz Insunza,hospital,hospital,-33.5142061,-70.5986865
415109920,way,Internado Hospital Maullín,hospital,,-41.6161326,-73.6013197
415109922,way,Hospital de Maullín,hospital,hospital,-41.6171706,-73.5985518
415474596,way,Sanatorio Rioja,hospital,hospital,-29.4229041,-66.8595844
415668319,way,Drogueria Salud Publica,hospital,hospital,-29.4195707,-66.8559073
415669195,way,Sanatorio Colegio Medico,hospital,hospital,-29.4187278,-66.8494936
417132646,way,Mercado Luna Instituto Medico Quirurgico,hospital,hospital,-29.4098682,-66.859568
422548595,way,Hospital Distrital Gregorio Chávez - Malanzan,hospital,hospital,-30.8053362,-66.6010728
423009526,way,C.S. Palca (Antiguo),hospital,hospital,-17.1897799,-66.0769241
423240596,way,Hospital de emergencia,hospital,,-34.9898146,-71.2357443
424476737,way,Hospital de Tiquipaya,hospital,hospital,-17.3370172,-66.2175448
430480738,way,Hospital Regional de Moquegua,hospital,hospital,-17.1855214,-70.9277496
431535527,way,Cruz Roja Chilena,hospital,hospital,-29.9538444,-71.3379327
431945567,way,Sin nombre,hospital,hospital,-33.3119244,-66.3158638
432812226,way,Clínica del Trabajador de La Union ACHS,hospital,hospital,-40.2963953,-73.0836929
438911929,way,Centro de Salud 217,hospital,hospital,-32.9621318,-68.8430016
439250373,way,Hospital Cuenca Carbonifera,hospital,hospital,-51.5361518,-72.3266396
442002584,way,Hospital Doctor Eduardo Pereira,hospital,hospital,-33.0569321,-71.5895172
442440301,way,Hospital de Lujan de Cuyo (en construcción),hospital,hospital,-33.055222,-68.8722098
445423619,way,Hospital Zonal Dr. Eduardo S. Neira,hospital,hospital,-29.3241587,-68.2268505
446168146,way,Hospital San José,hospital,hospital,-33.416296,-70.6538728
446598687,way,Hospital Señor de Milagros,hospital,hospital,-17.4551427,-66.352512
448425063,way,Clínica Las Amapolas,hospital,,-36.6011584,-72.0908333
448964220,way,Hospital Dr. Benjamín Pedreros,hospital,,-35.7395167,-72.5314434
450684227,way,Sin nombre,hospital,hospital,-51.6119698,-69.2367135
451256593,way,Sanatorio Argentino,hospital,hospital,-33.0817776,-68.4736014
463462169,way,Hospital de Toltén,hospital,hospital,-39.1768397,-73.1643269
464594086,way,Posta de Sibaya,doctors,hospital,-19.7831452,-69.1731814
467213555,way,Consultorio CarmeLa Carvajal,hospital,hospital,-41.4684459,-72.9166879
469810267,way,Mutual de seguridad: CCHC,hospital,hospital,-37.027959,-73.1416661
470086157,way,Centro de Adiestramiento René Favaloro,hospital,hospital,-31.5730518,-68.5277656
470669034,way,Cemtro Materno Infantil Joaquina de Vedrina,hospital,hospital,-17.9483157,-67.1013733
473168903,way,Hospital Obrero Jaime Mendoza,hospital,hospital,-18.4723657,-66.5743015
473168905,way,Sin nombre,hospital,hospital,-18.4680293,-66.5723176
478086958,way,Salita sanitaria,hospital,hospital,-39.3983202,-69.5946713
478255245,way,Hospital Comunitario de Taltal 21 de Mayo,hospital,hospital,-25.4081279,-70.4812096
486183584,way,Hospital Psiquiátrico del Salvador,hospital,hospital,-33.0216598,-71.6426098
486651564,way,Hospital Santa Isabel de Hungría,hospital,hospital,-32.8945057,-68.7997904
503269844,way,CESFAM María Cristina Rojas Neumann,clinic,hospital,-23.5697828,-70.3770163
506812216,way,Hospital San Juan de Dios,hospital,,-30.0294964,-70.7124004
507025362,way,Hospital San José Casablanca,hospital,hospital,-33.3190872,-71.4080941
507032336,way,Hospital Doctor Víctor Hugo Moll (Cabildo),hospital,hospital,-32.4284038,-71.0678652
507032873,way,Hospital de Petorca,hospital,hospital,-32.2520322,-70.9287959
507074448,way,Hospital San Francisco de Llay Llay,hospital,hospital,-32.8427296,-70.9548072
507332875,way,Hospital de Coínco,hospital,hospital,-34.26828,-70.9536386
507402501,way,Hospital del Salvador,hospital,hospital,-34.3890383,-71.1734818
508497247,way,Hospital de Litueche,hospital,hospital,-34.1156345,-71.7291301
508498387,way,Hospital de Marchigüe,hospital,hospital,-34.3990037,-71.6166581
508757779,way,Hospital de Hualañé,hospital,hospital,-34.976402,-71.805723
508775355,way,Hospital de Florida,hospital,,-36.8247958,-72.6595138
508776163,way,Hospital de Lota,hospital,hospital,-37.0901943,-73.1555615
509712976,way,Oncología Pediátrica,,hospital,-17.3882839,-66.1502672
510280609,way,Hospital Clorinda Avello,hospital,hospital,-37.1686121,-72.9459476
515143308,way,Hospital del Sur,hospital,hospital,-17.4505196,-66.1504
515327695,way,Hospital Cochabamba,hospital,hospital,-17.4004268,-66.1558714
517478591,way,Hospital Distrital San Lucas,hospital,hospital,-51.5832527,-72.2164711
522318342,way,Hospital Rural Tecka,hospital,hospital,-43.4923649,-70.809679
523124527,way,Complejo Asistencial Padre Las Casas,hospital,hospital,-38.7675128,-72.6166423
526887902,way,CESFAM Los Bajos de San Agustín,clinic,hospital,-33.6259611,-70.7823825
533806449,way,Hospital Gregorio Rivas,hospital,hospital,-33.2690827,-66.2319423
533810752,way,Sin nombre,hospital,hospital,-33.2473961,-66.2888406
534177961,way,CESFAM Doctor Federico Puga,clinic,hospital,-36.6286259,-72.1281302
536454467,way,Cruz Roja,clinic,hospital,-34.9847643,-71.2362897
541106016,way,Hospital San Roque,hospital,hospital,-30.2351481,-68.7482786
542166080,way,Hospital Augusto Esmann Burgos,hospital,hospital,-51.7286328,-72.4803072
542459946,way,P.S. Rio Mulato,hospital,hospital,-19.6977121,-66.7787386
544814401,way,Clínica Indisa,hospital,hospital,-33.4211292,-70.6183664
545786167,way,CESFAM Rauco,clinic,hospital,-34.923396,-71.3174887
547158337,way,Instituto Teletón,doctors,hospital,-27.3496437,-70.3484234
547327929,way,Instituto Teletón Aysén,doctors,hospital,-45.5645452,-72.0743923
549346596,way,Posta de Salud Rural de Gualleco,doctors,hospital,-35.2466996,-71.9812223
550543836,way,Hospital de Tomé,hospital,hospital,-36.6133207,-72.9546036
551141158,way,CESFAM Sol de Oriente,clinic,hospital,-36.615409,-72.0763284
553267995,way,CESFAM Valle De Los Libertadores,clinic,hospital,-32.6224902,-70.7180723
553868921,way,Hosítal II Manuel de Torres Nuñez Mollendo,hospital,hospital,-17.0199671,-72.0150685
554007995,way,Centro Clínico Militar Valdivia,clinic,hospital,-39.823663,-73.2317932
554571353,way,Hospital Oruro - Corea,hospital,hospital,-17.9768613,-67.099796
555726711,way,CESFAM Doctor Miguel Solar,clinic,hospital,-33.8049108,-70.7410435
556284505,way,Hospital Boliviano Español Patacamaya,hospital,hospital,-17.2440942,-67.9072545
556866630,way,Clínica Los Leones,hospital,clinic,-32.7900395,-71.1835031
559537931,way,Hospital Roberto Ramón Carro,hospital,hospital,-28.3974088,-66.2188364
561010965,way,Intecnus,hospital,hospital,-41.1253068,-71.4112686
563529534,way,Clínica Universidad Catolica de Maule,hospital,hospital,-35.4287949,-71.6551488
565048176,way,Hospital San Antonio de Putaendo,hospital,hospital,-32.6221245,-70.7177728
565117308,way,Consultorio San Gerónimo,doctors,hospital,-33.6233652,-70.5883326
567066789,way,SAR Doctor Juan Saavedra Macaya,doctors,hospital,-35.9643247,-72.3171401
568589716,way,Hospital de Castro Doctor Augusto Riffart,hospital,hospital,-42.4766808,-73.7692896
571035512,way,Hospital Distrital Mohibe Akil De Menem - Anillaco,hospital,hospital,-28.8039832,-66.9499354
571065780,way,Hospital Seccional Pinchas,hospital,hospital,-28.935316,-66.9649878
572506118,way,"Hospital de Área Programa Valcheta ""Doctor Raúl Fernícola""",hospital,hospital,-40.6811483,-66.1620441
574885492,way,Clínica Luján de Cuyo,hospital,hospital,-33.0392129,-68.8821444
578658472,way,Seguro Social Universitario Cochabamba,hospital,hospital,-17.3883183,-66.1482623
580538554,way,Hospital Capinota,hospital,hospital,-17.7105799,-66.2654234
580591290,way,Centro Referencia Salud Hospital Provincia Cordillera,clinic,hospital,-33.6140968,-70.5987314
585720196,way,CECOSF Tijeral,doctors,hospital,-37.732963,-72.6158583
587905636,way,CESFAM Maule,clinic,hospital,-35.5250676,-71.6950893
588263985,way,CESFAM Isabel Riquelme,clinic,hospital,-36.6185748,-72.1131692
588799597,way,Sin nombre,hospital,,-25.1926282,-66.440877
588944954,way,Sin nombre,hospital,,-25.2796466,-66.4495538
589555294,way,Integramédica San Miguel,clinic,hospital,-33.4899767,-70.6520321
590569419,way,Hospital Comunitario y Familiar de Nacimiento,hospital,hospital,-37.5073258,-72.6767868
590598721,way,Clínica Bupa Santiago,hospital,hospital,-33.5106,-70.5976367
591636172,way,Hospital Base de Curicó,hospital,hospital,-34.979163,-71.2125179
594748641,way,CESFAM Las Colinas,clinic,hospital,-38.7658319,-72.6078849
598970689,way,Instituto de Seguridad del Trabajo,doctors,hospital,-32.8355218,-70.6006653
599994710,way,Sala de Primeros auxilios,hospital,hospital,-33.1605124,-68.4121669
601072470,way,Clínica RedSalud Elqui,hospital,hospital,-29.9130941,-71.2570325
603923581,way,Clínica INDISA Centro Médico Los Conquistadores,doctors,hospital,-33.4200548,-70.6172172
605407806,way,Consultorio Nuevo Buin,doctors,hospital,-33.7118617,-70.7394738
607712303,way,Mutual De Seguridad Camara Chilena De La Construccion,clinic,hospital,-41.7760511,-73.1293926
608706200,way,Cesfam Sotaqui,doctors,hospital,-30.6361316,-71.1161568
609318699,way,Minicentro de Rehabilitación de Niños Calbuco,clinic,hospital,-41.7699969,-73.1288223
612667568,way,Clínica del Sur,hospital,hospital,-36.81363,-73.031289
614266669,way,Hospital Instituto Nacional de Geriatría,hospital,hospital,-33.4349848,-70.6218317
617620277,way,Hospital San José de Casablanca,hospital,hospital,-33.3152623,-71.4149392
618536526,way,Hospital Regional de Talca,hospital,,-35.426603,-71.6463844
619440501,way,Posta de salud rural viluco,doctors,hospital,-33.7823713,-70.7920389
620951356,way,Hospital de Teno,hospital,hospital,-34.8708475,-71.1642923
622848545,way,"Hospital Penitenciario, Santiago",hospital,hospital,-33.4740028,-70.6603714
622918137,way,Consultorio,clinic,hospital,-36.8983439,-73.1494177
625435407,way,Consultorio Centro Urbano Poniente,clinic,hospital,-34.5742701,-70.9919983
625692699,way,CECOSF El Roble,doctors,hospital,-36.6250205,-72.1019352
625692704,way,CESFAM San Ramón Nonato,clinic,hospital,-36.6245394,-72.0973087
628121316,way,CESFAM Doctor Thomas Fenton,clinic,hospital,-53.1481419,-70.8875853
629363202,way,Posta de salud rural las mercedes,doctors,hospital,-33.4884354,-71.1849699
630680487,way,CESFAM Cóndores de Chile,clinic,hospital,-33.5616027,-70.674674
631709347,way,CESFAM Amanda Benavente,clinic,hospital,-35.9703294,-71.6851228
637165886,way,Posta de Salud Rural Trupán,doctors,hospital,-37.2751528,-71.8374239
637361043,way,CESFAM/ SAPU Padre Vicente Irarrázaval,clinic,hospital,-33.472813,-70.6919275
638009164,way,P.S. de Paria,hospital,hospital,-17.8223445,-67.0178762
640736520,way,CESFAM/ SAPU Pablo de Rokha,clinic,hospital,-33.5766821,-70.6497957
641647158,way,CESFAM Rosario,clinic,hospital,-34.3487389,-70.8375603
654467613,way,Posta salud rural Huapi,doctors,hospital,-40.2151114,-72.383001
657313661,way,Hospital de las Fuerzas Armadas Cirujano Cornelio Guzmán,hospital,hospital,-53.1493791,-70.8982757
657458255,way,Hospital Seccional Dr. Rene Favaloro - Desiderio Tello,hospital,hospital,-31.2130492,-66.3199527
657459483,way,Hospital San Pablo de Coquimbo,hospital,hospital,-29.9682916,-71.3369762
657966509,way,Hospital Santa María,hospital,hospital,-18.2881847,-66.8420392
658255423,way,Hospital Maquehue,hospital,,-38.8318341,-72.6934755
658773655,way,CESFAM Rural Pan de Azúcar,clinic,hospital,-30.055597,-71.2511009
664159093,way,Hospital Provincial del Huasco Monseñor Fernando Ariztía Ruiz,hospital,hospital,-28.573882,-70.7821937
664943972,way,Posta Salud Rural Villa Mañihuales,doctors,hospital,-45.1720197,-72.145928
665211349,way,CESFAM Doctor José Symon Ojeda,clinic,hospital,-33.3782993,-70.6923208
666433925,way,Sanatorio San Carlos,hospital,hospital,-41.1415269,-71.3132071
668595487,way,CESFAM Doctor Amador Neghme de Arica,clinic,hospital,-18.4376998,-70.290853
672019012,way,Hospital Seccional Dr. Armando Zamudio,hospital,hospital,-49.9859339,-68.914486
673509081,way,Centro de Medicina Nuclear y Radioterapia de la Patagonia Austral,hospital,hospital,-51.6475275,-69.2146303
674157636,way,Consultorio,clinic,hospital,-34.7014637,-71.037644
676304446,way,Clínica Los Tilos,hospital,hospital,-32.8630582,-68.7721885
678934191,way,"Hospital Zonal Cipolletti ""Doctor Pedro Moguillansky""",hospital,hospital,-38.9248341,-67.9784458
680719982,way,Hospital Abraham Godoy Peña,hospital,hospital,-38.5371376,-72.4182172
684878812,way,Hospital Parroquial de San Bernardo,hospital,hospital,-33.5923774,-70.6967657
685639274,way,Hospital de Carabineros Hoscar,hospital,hospital,-33.4498217,-70.6089574
686522943,way,Hospital Belga CMQBB,hospital,hospital,-17.387643,-66.1534701
689362726,way,CESFAM Marta Estévez,clinic,hospital,-36.0513215,-71.7615967
689833534,way,Hospital Combase,hospital,hospital,-17.3987818,-66.1421312
690719768,way,Hospital Dr. Federico Cantoni,hospital,hospital,-31.6545437,-68.562953
691039185,way,Hospital Pelarco,hospital,hospital,-35.3827427,-71.4464631
693375983,way,Posta de salud Rural Caleta Andrade - Temporal,doctors,hospital,-45.1497419,-73.5065509
699814671,way,Hospital de la Solidaridad,hospital,hospital,-18.0259045,-70.2624863
701474004,way,Hospital Doctor Horacio Heller,hospital,hospital,-38.9373705,-68.1157547
703228305,way,CESFAM Vista Hermosa,clinic,hospital,-33.6103776,-70.5245149
704208182,way,Hospital Biprovincial Quillota - Petorca,hospital,,-32.9019622,-71.2531534
707858699,way,Posta de Corral,doctors,hospital,-39.8902456,-73.4256358
709017889,way,Hospital Santiago de Andamarca,hospital,hospital,-18.7761566,-67.5088962
712402289,way,"Hospital Padre Bernabé de Lucerna, Panguipulli",hospital,clinic,-39.6407236,-72.3427804
714886346,way,Posta de las Huellas,doctors,hospital,-39.9011395,-72.5846746
718173361,way,Cruz Roja,hospital,hospital,-34.4644524,-70.8950895
721800065,way,Centro Asistencial Norte,clinic,hospital,-23.5691266,-70.3793136
722308296,way,SAR La Unión,doctors,hospital,-40.3045724,-73.0628157
722341926,way,Posta salud Rural Quinahue,doctors,hospital,-34.6924921,-71.3173197
722389641,way,Centro de Salud de Villa Pehuenia,hospital,hospital,-38.8785244,-71.1867608
727641100,way,Hospital de Galvarino,hospital,hospital,-38.4098962,-72.7854363
736262269,way,Servicio de Urgencia de Alta Resolución (SAR) San Vicente,hospital,hospital,-34.43708,-71.069792
737804744,way,Hospital UniValle Norte,hospital,hospital,-17.372031,-66.1608809
741392284,way,Hospital de Porvenir,hospital,hospital,-53.2984129,-70.3581428
743179128,way,Clínica Familia,doctors,hospital,-33.5613544,-70.5658629
746267440,way,Hospital de Urgencia Asistencia Pública,hospital,hospital,-33.4440139,-70.638097
750620033,way,Hospital de Quellón,hospital,hospital,-43.1099235,-73.6199845
755234580,way,Posta salud rural Huara,doctors,hospital,-19.9953823,-69.7686863
755494699,way,Clínica Universidad de Chile Paseo Quilín,hospital,hospital,-33.487437,-70.5768716
755797631,way,Hospital Benigno Sanchez,hospital,hospital,-17.3877487,-66.2816386
758606531,way,Sin nombre,hospital,hospital,-39.9754679,-72.7091947
768965532,way,CESFAM - Centro de Salud Familiar Lo Valledor Norte,hospital,clinic,-33.4952873,-70.68351
774868508,way,CESFAM Los Volcanes Llanquihue,clinic,hospital,-41.268554,-72.998586
776610588,way,Centro de Salud Coipasa,hospital,hospital,-19.2751286,-68.2786377
781911364,way,Hospital Alto Hospicio,hospital,hospital,-20.2952492,-70.0971401
785505919,way,Caja Nacional de Salud,hospital,hospital,-17.3825404,-66.0901906
789731678,way,CESFAM Villa San Rafael de Rozas,clinic,hospital,-31.6386857,-71.1914573
790211368,way,Hospital Pediátrico Alexander Fleming,hospital,hospital,-32.8935033,-68.8465158
791115486,way,Hospital de Til Til,hospital,hospital,-33.0872307,-70.924463
791185970,way,Posta de Salud Rural Polpaico,doctors,hospital,-33.1674911,-70.8870072
792313145,way,SAPU Rosario,doctors,hospital,-34.3486419,-70.8373979
793898206,way,Hospital Doctor José Luis Arraño,hospital,hospital,-30.227612,-71.0857963
795412834,way,CESFAM Monte Patria,clinic,hospital,-30.6962456,-70.9581695
797133876,way,Hospital de Salamanca,hospital,hospital,-31.774751,-70.9718629
800996237,way,Hospital de Achao,hospital,hospital,-42.4694893,-73.4949685
802018636,way,Hospital Privado Regional,hospital,hospital,-41.1373482,-71.3119643
802153221,way,Sanatorio de Industrias Químicas,hospital,hospital,-38.827478,-68.0626871
802264389,way,Sanatorio Cinco Saltos de Río Negro,hospital,hospital,-38.8307426,-68.0641941
806682754,way,Clínica RCR Atacama,hospital,hospital,-27.3647709,-70.3285195
807041719,way,Hospital de Calama Doctor Carlos Cisternas,hospital,hospital,-22.4449045,-68.9175166
808893728,way,Hospital Santo Tomás de Limache,hospital,hospital,-32.9992509,-71.2686841
812380089,way,Clínica Tarapacá,hospital,hospital,-20.2227529,-70.147531
812714508,way,Hospital Clínico Viña del Mar,hospital,hospital,-33.0289244,-71.5389574
812721602,way,Centro de Salud El Paso,hospital,hospital,-17.3419673,-66.2678025
816240703,way,Clínica de Diálisis Hemosur,doctors,hospital,-41.458723,-72.9140523
816360448,way,CESFAM Doctor Salvador Allende Gossens,clinic,hospital,-33.5526481,-70.7646769
817842590,way,Hospital de Fresia,hospital,,-41.1555065,-73.4230122
817931894,way,ESSALUD Hospital II Moquegua,hospital,hospital,-17.1947391,-70.9541495
821656784,way,Hospital San Vicente,hospital,hospital,-17.3877923,-66.1590179
822509761,way,SurMédica,hospital,hospital,-39.830551,-73.2414633
826324952,way,"Hospital Zonal Bariloche ""Doctor Ramón Carrillo""",hospital,hospital,-41.1362225,-71.3001
827664204,way,CESFAM Isabel Jiménez Riquelme,clinic,hospital,-38.3407043,-73.4938748
829563034,way,Hospital de Niños Doctor Roberto del Río,hospital,hospital,-33.4152641,-70.654831
831654714,way,Clínica Bupa Reñaca,hospital,hospital,-32.983962,-71.5329225
832118050,way,Clínica Alemana Valdivia,hospital,hospital,-39.8186034,-73.239706
832203189,way,Clínica Curicó,hospital,hospital,-34.9878547,-71.2390607
835597154,way,Edificio Institucional SML,hospital,hospital,-33.4768179,-70.6587653
840220768,way,Hospital Dr. Mauricio Heyermann Torres,hospital,hospital,-37.7999423,-72.6902327
840359494,way,Posta El Cerrillo,doctors,hospital,-34.3972222,-70.7819849
842037761,way,Hospital Natividad,hospital,hospital,-17.9739013,-67.1020123
842037762,way,Sin nombre,hospital,hospital,-17.9720413,-67.1030607
849965445,way,Hospital Municipal de Vinto,hospital,hospital,-17.3971651,-66.3184937
850674525,way,"Hospital de Área Programa Ingeniero Huergo ""Doctor Carlos Ratti""",hospital,hospital,-39.0733312,-67.2373118
851295267,way,Hospital Rural de Trevelin,hospital,hospital,-43.0916371,-71.4632189
853546370,way,Clínica Los Olivos,hospital,hospital,-17.3895082,-66.179793
857939722,way,Hospital Villarrica,hospital,hospital,-39.2952975,-72.2117974
863676695,way,Policlínico ADOS,hospital,hospital,-38.9447894,-68.0599659
866768602,way,Clínica Copacabana,hospital,hospital,-17.3777969,-66.1542805
867032042,way,"Hospital de Área Mariano Moreno ""Doctor Carlos Burdes""",hospital,hospital,-38.7625334,-70.0364924
884242420,way,"Hospital de Área Programa Senillosa ""Adolfo del Valle""",hospital,hospital,-39.0136947,-68.4258209
884927500,way,C.S.C.I. Tambo Quemado,hospital,hospital,-18.277924,-69.0065735
885767666,way,"Hospital Provincial ""Doctor Carlos Potente""",hospital,,-39.5555025,-70.5950007
888761402,way,"Hospital ""Renato Castro""",hospital,hospital,-17.877038,-66.0831166
889950939,way,CESFAM Rural Los Sauces,clinic,hospital,-37.9819806,-72.8370087
889992135,way,Hospital de Área Piedra del Águila,hospital,hospital,-40.0511561,-70.0832305
891550778,way,Hospital Instituto Nacional del Tórax,hospital,hospital,-33.438228,-70.6225215
891550779,way,Instituto de Neurocirugía Doctor Alfonso Asenjo,hospital,hospital,-33.4368946,-70.6227598
895902098,way,Hospital de Vilcún,hospital,,-38.6663662,-72.2277341
897742246,way,Hospital Aranjuez,hospital,hospital,-17.3822992,-66.1534549
899624584,way,"Hospital Regional de Ushuaia ""Gobernador Ernesto Manuel Campos""",hospital,hospital,-54.8136305,-68.3231765
900381309,way,CESFAM Tierras Blancas,clinic,hospital,-29.9624503,-71.2558008
900454334,way,Centro Asistencial Tolhuin,hospital,hospital,-54.5107053,-67.1949699
900528179,way,Caja de Salud de la Banca Privada,hospital,hospital,-17.3883386,-66.15658
901976591,way,Hospital de Enfermedades Infecciosas Lucio Córdova,hospital,hospital,-33.4852435,-70.6452843
901976592,way,Hospital de Niños Doctor Exequiel González Cortés,hospital,hospital,-33.4849138,-70.6481522
903615903,way,Sin nombre,hospital,,-29.4011612,-66.8279802
904879839,way,Hospital Hipólito Unanue,hospital,hospital,-18.0578218,-70.2531322
908281953,way,Sin nombre,hospital,,-29.3942347,-66.8302651
909813715,way,Hospital del Norte,hospital,hospital,-17.348698,-66.1746749
910549925,way,CESFAM Juanita Aguirre,clinic,hospital,-33.3704728,-70.6830176
910549926,way,COSAM Conchalí,hospital,hospital,-33.3700377,-70.6828049
910581474,way,Hospital Gobernador Cepernic - Presidente Kirchner,hospital,hospital,-50.3340531,-72.2388436
912946934,way,Posta Medica las Golondrinas,health_post,hospital,-42.0147291,-71.5288238
917863787,way,Hospital Doctor Ventura Lloveras,hospital,hospital,-31.9845886,-68.4264924
918434515,way,"Hospital de Área Programa Villa Regina ""Doctor Elías Smirnoff""",hospital,hospital,-39.1019573,-67.0844043
922791579,way,"Hospital de Área ""Doctora Alicia Cruz""",hospital,hospital,-38.6295687,-68.296228
924456126,way,Hospital de Área Añelo,hospital,hospital,-38.3542762,-68.7797091
925301287,way,Caja de Salud CORDES,hospital,hospital,-17.3763521,-66.1629203
925543272,way,Posta de Algarrobito,doctors,hospital,-29.9407801,-71.1465078
925734751,way,Clínica y Maternidad Rincón,hospital,hospital,-37.3868922,-68.9195907
925789550,way,Clínica Los Angeles,hospital,hospital,-17.378563,-66.1647134
925909588,way,Hospital de Área Rincón de los Sauces,hospital,hospital,-37.3872314,-68.9263645
928993993,way,"Hospital Central de San Luis ""Dr. Ramón Carrillo""",hospital,hospital,-33.3069737,-66.2836348
929901823,way,Hospital Anocaraire,hospital,hospital,-17.3737215,-66.3230803
931828431,way,Cescof Riachuelo,doctors,hospital,-40.8211667,-73.3361248
946953507,way,Sin nombre,clinic,hospital,-41.3940207,-72.9067671
947842887,way,Puesto Sanitario,hospital,hospital,-30.1895483,-69.272723
949743895,way,Instituto Nacional del Cáncer,hospital,hospital,-33.4155093,-70.6542914
966288135,way,Ex Hospital de Villarrica,hospital,hospital,-39.2773035,-72.2265532
967633194,way,Hospital Santa Rosa,hospital,hospital,-31.745859,-68.3209577
972632381,way,Nuevo Hospital del Salvador,hospital,hospital,-33.4359812,-70.6242298
975332050,way,Hospital Amigo de Tarata,hospital,hospital,-17.6160533,-66.0278074
979733224,way,P.S. Morochata,hospital,hospital,-17.2363034,-66.530008
985010645,way,"Hospital de Área Programa Catriel ""Doctora Cecilia Grierson""",hospital,hospital,-37.8621095,-67.7907664
985010660,way,Hospital de Área Programa Catriel,hospital,hospital,-37.8769158,-67.7942155
985238433,way,Posta de Salud Rural Arizona,doctors,hospital,-36.3195146,-72.0382924
986480688,way,Posta rural salud Popeta,doctors,hospital,-34.433976,-70.7920825
986716908,way,Clinica Mutual de Seguridad de Tocopilla,hospital,hospital,-22.0959615,-70.2046276
986724500,way,Clínica Indire,hospital,hospital,-27.3688555,-70.329881
986731646,way,Clínica del Trabajador de Vallenar,hospital,hospital,-28.5764881,-70.7562207
986744055,way,Clínica Mutual de Seguridad de Ovalle,hospital,hospital,-30.5951479,-71.1809002
986995384,way,Hospital Doctor Joge Ahuad,hospital,hospital,-37.7744611,-67.7125755
987497319,way,Hospital de Lolol,hospital,hospital,-34.7281132,-71.6467436
987515043,way,Clínica de Diálisis Enferdial Talca,clinic,hospital,-35.4277333,-71.6468784
987540149,way,Hospital Clínico Instituto de Seguridad del Trabajo,hospital,hospital,-33.0268723,-71.5531231
987766838,way,Hospital San Agustín de Florida,hospital,hospital,-36.8229175,-72.6493674
987777324,way,Instituto de Seguridad del Trabajo de Talcahuano,hospital,hospital,-36.7452608,-73.0974129
987783391,way,Hospital de Collipulli,hospital,hospital,-37.960144,-72.4360948
988476042,way,Hospital de Tama,hospital,hospital,-30.5058309,-66.5294145
989656598,way,Hospital del trabajador de Angol,hospital,hospital,-37.7937496,-72.7064537
990090197,way,Hospital de Rio Negro,hospital,hospital,-40.8026743,-73.2161742
990145202,way,Clínica Croacia,hospital,hospital,-53.1584855,-70.8972375
990494967,way,Instituto Nacional de Rehabilitación Pedro Aguirre Cerda,doctors,hospital,-33.4605824,-70.5699298
992275485,way,Clínica Dávila Vespucio,hospital,hospital,-33.5188066,-70.5966709
992287657,way,21 de Mayo,hospital,hospital,-18.4815448,-70.315902
995103996,way,Cruz Roja,hospital,hospital,-38.1958031,-72.9910157
997208258,way,Hospital Carahue,hospital,hospital,-38.710399,-73.1406166
1012111607,way,Posta de Salud Rural Quetalco,doctors,hospital,-42.3191109,-73.5562005
1012325420,way,Centro de Salud General Enrique Godoy,hospital,hospital,-39.0780691,-67.1587538
1012326855,way,Hospital de Área Programa Chichinales,hospital,hospital,-39.1154889,-66.9427087
1012329163,way,Hospital de Área Programa El Cuy,hospital,hospital,-39.9268728,-68.3438567
1012339151,way,"Hospital de Área Programa Chimpay ""Doctor Máximo Laure""",hospital,hospital,-39.1645458,-66.1413864
1012665227,way,"Hospital de Área Programa Maquinchao ""Doctor Orencio Callejas""",hospital,hospital,-41.2498173,-68.6989547
1012665236,way,"Hospital de Área Programa Sierra Colorada ""Doctor Adolfo Feintuch""",hospital,hospital,-40.5862183,-67.7545246
1012779656,way,"Hospital de Área Programa Ramos Mexía ""Doctor Aquiles Rivera Paredes""",hospital,hospital,-40.5073899,-67.261804
1013229330,way,Hospital de Área Programa Pilcaniyeu,hospital,hospital,-41.1218709,-70.7220131
1013229337,way,"Hospital de Área Programa Comallo ""Doctora Nelly Crobatto""",hospital,hospital,-41.0340681,-70.2661707
1018582071,way,Clínica Los Andes,hospital,,-37.4673595,-72.3367344
1028425942,way,Hospital Comunitario de Puerto Williams Cristina Calderón,hospital,hospital,-54.935348,-67.6007116
1028425943,way,Hospital Naval de Puerto Williams,hospital,hospital,-54.9343774,-67.608849
1029903902,way,Hospital Regional Doctor Sanguinetti,hospital,hospital,-45.8682371,-67.4877698
1030824578,way,Hospital Doctor Pablo Lecumberri,hospital,hospital,-38.4550963,-71.3691093
1032736827,way,Hospital Victorino Tagarelli,hospital,hospital,-33.7744857,-69.0579691
1035205380,way,Hospital Futa Sruka Lawenche Kunko Mapu Mo,hospital,,-40.4915759,-73.4031598
1042608484,way,Policlínico Eva Perón,hospital,hospital,-54.8161817,-68.3263211
1047230638,way,Hospital Cuajone,hospital,hospital,-17.0741855,-70.8070233
1047776164,way,Clinica De Especialidades Medicas Privada (cemep),hospital,hospital,-53.7661389,-67.7127964
1055545979,way,CESFAM San Ignacio,clinic,hospital,-36.798563,-72.032073
1056122368,way,Centro de Fisiatría y Rehabilitación Madre Teresa,hospital,hospital,-38.9478883,-68.0408394
1063567212,way,Clínica Baquedano,hospital,hospital,-23.6470304,-70.3999611
1063948769,way,Clínica Oftalmologica Mas Vision,hospital,hospital,-23.6554868,-70.4019914
1064005150,way,Clínica Mutual de Seguridad de Calama,hospital,hospital,-22.4396543,-68.9212748
1065817262,way,Clínica Cumbres del Norte,hospital,hospital,-23.6480581,-70.399515
1073934609,way,Hospital Intercultural de Collipulli,hospital,hospital,-37.956874,-72.4248811
1074579642,way,FALP,hospital,hospital,-33.4388992,-70.6223897
1076674976,way,Centro de Innovación en Salud Áncora San Francisco,clinic,hospital,-33.5729477,-70.5839188
1077519853,way,Sin nombre,hospital,hospital,-18.4366897,-66.5646496
1079186869,way,Clínica Indisa Maipú,hospital,hospital,-33.4781629,-70.7544524
1086588474,way,Caja de Salud de la Banca Privada,hospital,,-17.3956259,-66.1607191
1086612731,way,Caja Nacional de Salud Regional Oruro,hospital,hospital,-17.9392162,-67.11525
1092666194,way,SAR Los Cerros,doctors,hospital,-36.7117062,-73.1373043
1095778894,way,Hospital de Chanco,hospital,hospital,-35.739565,-72.5313115
1096305347,way,Sin nombre,hospital,hospital,-41.4838849,-72.8541556
1101604712,way,Posta Rural Cerro Castillo (Río Ibáñez),doctors,hospital,-46.1209079,-72.1607138
1106730371,way,"Servicio de Atención Primaria de Urgencia de Alta Resolución, SAR Enfermera Sofía Pincheira",doctors,hospital,-33.5009352,-70.7331506
1107747534,way,Hospital Alto Inclan de Mollendo,hospital,hospital,-17.0248032,-71.9999335
1118146003,way,"Hospital Provincial Neuquén ""Doctor Eduardo Castro Rendón""",hospital,hospital,-38.9502222,-68.0569068
1122964281,way,"Hospital de Área Programa Neuquén ""Bouquet Roldán""",hospital,hospital,-38.9583979,-68.0859225
1124340787,way,CECOSF Coñimo,doctors,hospital,-33.5106377,-70.6236857
1128457524,way,Hospital de Loncoche,hospital,hospital,-39.3709659,-72.6259553
1128792602,way,Hospital de Cochrane,hospital,hospital,-47.255364,-72.5703353
1131313618,way,Cesfam La Islita,clinic,hospital,-33.7346255,-70.8618366
1131825720,way,CESFAM Doctor Juan Petrinovic,clinic,hospital,-33.384455,-70.6448979
1135479244,way,CESFAM VIlla Alegre,clinic,hospital,-35.6860334,-71.7346572
1144797581,way,Sin nombre,hospital,yes,-39.7954037,-71.0012621
1149030741,way,"Hospital Interzonal Zapala ""Doctor Jorge Juan Pose""",hospital,hospital,-38.9020111,-70.0650394
1151101958,way,Hospital de la Familia y la Comunidad Doctor Juan Lobos Krause,hospital,hospital,-37.2642812,-72.70924
1156118882,way,COSAM Tierras Blancas,doctors,hospital,-29.9624845,-71.2552913
1159561221,way,Hospital San Roque,hospital,hospital,-30.2319822,-68.7515457
1159586035,way,Hospital de Hemodiálisis,hospital,hospital,-17.384986,-66.2229855
1164590141,way,Hospital de Segundo Nivel Challapata,hospital,hospital,-18.8820273,-66.7771963
1171271439,way,Hospital de Mercedes de Chimbarongo,hospital,,-34.7025636,-71.0364561
1173186177,way,Nuevo Hospital de Parral,hospital,hospital,-36.1540191,-71.8188508
1174457908,way,Consultorio Doctor José Bauzá Frau,hospital,hospital,-33.277477,-70.8753783
1176140129,way,Hospital de Huasco,hospital,hospital,-28.4701947,-71.224246
1177122001,way,CECOF Boca Sur,doctors,hospital,-36.8275916,-73.140473
1177122035,way,CESFAM Boca Sur,clinic,hospital,-36.8399597,-73.1401791
1180535944,way,CESFAM/ SAPU Juan Pablo II,clinic,hospital,-33.5844792,-70.6921348
1182490697,way,Centro de Salud San Pio de Pieltrechina,hospital,hospital,-29.413814,-66.8900256
1184530047,way,"Hospital de Área Programa Picún Leufú ""Doctora Nancy Ferrari""",hospital,hospital,-39.5165346,-69.2907254
1184566567,way,Hospital Comunitario Mejillones,hospital,doctor,-23.1027623,-70.4462038
1188995270,way,SAPU N°2,doctors,hospital,-34.1840585,-70.7430227
1191300348,way,CESFAM Alerce,hospital,hospital,-41.3929503,-72.9075262
1192487595,way,Hospital de Corral,hospital,,-39.8622684,-73.436011
1192656294,way,Sin nombre,hospital,hospital,-34.3783686,-70.8139975
1194171785,way,Sin nombre,hospital,hospital,-33.8593997,-70.8506259
1194189193,way,Clínica del Trabajador ACHS Puerto Aysén,hospital,hospital,-45.4076,-72.6842738
1194195675,way,Construcción Unidad de Radioterapia,,hospital,-17.3882374,-66.1815402
1194822892,way,"Hospital de Área Programa Las Lajas ""Doctor José Venier""",hospital,hospital,-38.5227423,-70.3623899
1197825089,way,Hospital Militar Zapala,hospital,,-38.922093,-70.0643346
1198724331,way,Hospital de Curacaví,hospital,hospital,-33.4093648,-71.1457676
1199303730,way,Consultorio (CESFAM-SAR) Padre Manuel Villaseca,hospital,hospital,-33.5838443,-70.5562707
1204918415,way,CESFAM Panguipulli,clinic,hospital,-39.6435166,-72.3373009
1211972985,way,Hospital Comunitario Intercultural de Lonquimay,hospital,hospital,-38.4583365,-71.3656575
1213399538,way,Hospital Santa Elisa,hospital,hospital,-39.5415001,-72.9658745
1218517055,way,Hospital Civil de Atocha,hospital,hospital,-20.9333478,-66.2200855
1218532507,way,Caja Nacional de Salud,hospital,hospital,-19.0094937,-66.7758031
1220648507,way,COSAM Lo Errázuriz,doctors,hospital,-33.4757698,-70.734585
1221663446,way,CESFAM de Puerto Aysen,clinic,hospital,-45.4054783,-72.7022889
1223617232,way,Centro de Salud Intercultural Boroa Filulawen,hospital,hospital,-38.8374248,-72.8894325
1226272657,way,CESFAM-SAPU Eduardo Frei Montalva,clinic,hospital,-33.5389624,-70.6623863
1226715685,way,Centro de Salud Familiar Doctor Hernán Alessandri,hospital,hospital,-33.4445358,-70.6201296
1227776991,way,Posta de Salud Rural Manao,doctors,hospital,-41.8784122,-73.5372569
1230935907,way,CESFAM Lota Alto,clinic,hospital,-37.076578,-73.1565309
1233187375,way,Hospital de Área Programa El Huecú,hospital,hospital,-37.6464075,-70.5795612
1233535416,way,Clínica La Portada,hospital,hospital,-23.6455391,-70.3990786
1234785355,way,Centro de Salud,hospital,hospital,-37.8650317,-71.0548528
1257790336,way,Posta de Salud Rural Limáhuida,,hospital,-31.7524668,-71.1597455
1268295693,way,Hospital Municipal,hospital,hospital,-33.2267286,-66.2383276
1273533608,way,Hospital Constitución,hospital,hospital,-35.3394517,-72.402606
1282497879,way,"Centro de Salud N° 17 ""Dr. Carlos Evans""",hospital,hospital,-32.8434194,-68.8322401
1288954238,way,Centro de Atención Integral San Pablo,doctors,hospital,-40.4102205,-73.0128386
1293481890,way,Sin nombre,hospital,,-53.7726699,-67.7269602
1294901676,way,"Hospital de Área Programa General Fernández Oro ""Doctor Carlos Rais""",hospital,hospital,-38.9592665,-67.9233818
1296418414,way,Hospital de Área Programa Cipolletti,hospital,hospital,-38.9419517,-67.9918568
1296971081,way,Sin nombre,hospital,,-30.6290295,-67.4651333
1298826475,way,Sin nombre,hospital,,-30.2145647,-69.1441554
1298826484,way,Hospital Tomás Perón,hospital,,-30.2164403,-69.1469886
1301625352,way,Instituto Nacional del Cáncer,hospital,hospital,-33.4182014,-70.6523349
1305770713,way,Hospital Obrero No. 13 Caja Nacional de Salud,hospital,hospital,-20.9368669,-66.2172563
1305835866,way,C.S. Hospital Civil de Atocha,hospital,hospital,-20.9332201,-66.2200524
1306434404,way,Hospital Josefina Martínez,hospital,hospital,-33.5695374,-70.5539208
1316402818,way,Clínica El Castaño,hospital,,-31.5328108,-68.5127537
1318005713,way,Centro de Salud Intercultural Raguiñ Kien,hospital,,-39.1980112,-71.0469956
1323178839,way,Hospital Doctor Guillermo Rawson,hospital,,-31.5394082,-68.5130693
1323199770,way,CESFAM-SAR Poniente San Fernando,clinic,hospital,-34.5733372,-71.003317
1329478646,way,SAR La Reina,doctors,hospital,-33.4430656,-70.5427002
1332876330,way,Hospital Rural Sarmiento,hospital,hospital,-45.5865632,-69.0706867
1333102731,way,Hospital de Área Programa Ñorquincó,hospital,hospital,-41.8491047,-70.8997898
1333619723,way,Hospital Rural José de San Martín,hospital,hospital,-44.053122,-70.4702787
1335782502,way,Hospital Subzonal El Maitén,hospital,hospital,-42.0525847,-71.1581585
1335782510,way,Hospital Subzonal El Maitén,hospital,hospital,-42.0455901,-71.1743565
1340087296,way,Sin nombre,hospital,,-31.5426591,-68.5192814
1341395272,way,Sin nombre,hospital,hospital,-17.1902141,-70.9383739
1343555651,way,Hospital Distrital Doctor Miguel A. Lombardich,hospital,hospital,-49.3050571,-67.7232199
1344800901,way,Hospital Seccional Doctor Eduardo Canosa,hospital,hospital,-50.0231024,-68.5162349
1349253989,way,Sin nombre,hospital,hospital,-34.2853588,-70.8283821
1352269419,way,"Hospital Zonal San Martín de los Andes ""Doctor Ramón Carrillo""",hospital,hospital,-40.1478561,-71.3288566
1353265958,way,Sin nombre,hospital,hospital,-33.2070863,-70.676963
1355185819,way,Centro de Salud Dr. Albert Sabin,hospital,hospital,-34.5945798,-68.3364535
1359362796,way,Sin nombre,hospital,,-31.5528692,-68.5298894
1361533039,way,Cruz Roja Olmué,doctors,hospital,-32.9955966,-71.180076
1364404289,way,Sin nombre,hospital,,-31.5339871,-68.5327132
1371201674,way,Hospital Intercultural Comunitario Pumülen de Quilacahuin,hospital,hospital,-40.3673383,-73.2622159
1373543617,way,Mini Hospital Corral Quemado,,hospital,-27.1471839,-66.9453195
1376344003,way,CENTRO INTEGRADOR COMUNITARIO N° 2,,hospital,-46.8071963,-67.957572
1377078670,way,ImatecSalud Talagante,hospital,hospital,-33.6682256,-70.921474
1382140790,way,Sin nombre,hospital,hospital,-19.0405556,-68.0896651
1388852783,way,Centro de Salud. 1ro de Mayo,hospital,hospital,-33.3110033,-66.3886539
1394867755,way,CAPS Cona Niyeu,hospital,hospital,-41.8627157,-66.9380843
1416538956,way,Centro Modular Sanitario 24,hospital,hospital,-27.4219174,-66.9718379
1416550366,way,Hospital Distrital Las Heras,hospital,hospital,-46.549638,-68.9224766
1416810876,way,Hospital Naval Almirante Nef,hospital,hospital,-32.9988847,-71.5424528
1430693277,way,Sin nombre,hospital,hospital,-45.7788439,-67.6694842
1434984700,way,Sin nombre,hospital,,-31.3312676,-69.4226771
1434984707,way,Sin nombre,hospital,,-31.3330081,-69.4187121
1448324426,way,Centro de Salud N° 150 - Dr. Daniel Rebollo,hospital,hospital,-32.9544422,-68.8325648
1448340092,way,Hospital Penco-Lirquén,hospital,hospital,-36.719437,-72.9758145
1462376456,way,Ex Clínica Universitaria San Pedro,clinic,hospital,-36.8457033,-73.0944911
1464111460,way,Capredena,hospital,hospital,-32.989086,-71.2652671
1483527234,way,Hospital de Licantén,hospital,hospital,-34.9818663,-71.9860493
1486749359,way,Sin nombre,hospital,,-53.8012894,-67.6612888
1486749400,way,Sin nombre,hospital,,-53.8026759,-67.6600811
1501605171,way,Emergencias,,hospital,-17.3936537,-66.2062073
1510279910,way,Centro de Salud Tuska Pujio,hospital,hospital,-17.4140721,-66.0556838
1515710849,way,Hospital Rural Blanca Proboste,hospital,hospital,-42.4373219,-66.9393895
1523077345,way,Hospital San José de Maipo,hospital,hospital,-33.6413012,-70.351918
1531033407,way,Clínica Ciudad del Mar,hospital,hospital,-33.0097879,-71.5497742
